DRUG_ID,COSMIC_ID,TCGA_DESC,Label,Pred
1005,946357,UNCLASSIFIED,0.796556,1.5230761766433716
1007,909779,UNCLASSIFIED,-4.922757,-3.75777530670166
1005,908156,UNCLASSIFIED,-0.392651,0.399868905544281
1012,908459,UNCLASSIFIED,2.959274,2.2688651084899902
1017,909756,UNCLASSIFIED,4.526554,4.496649265289307
1032,949157,UNCLASSIFIED,1.799798,2.608875036239624
1004,910695,UNCLASSIFIED,-3.100009,-3.9808731079101562
1034,684072,UNCLASSIFIED,-3.842313,-3.2121543884277344
1012,910942,UNCLASSIFIED,0.468104,1.160850167274475
1034,909262,UNCLASSIFIED,-3.237085,-3.734055519104004
1003,910906,UNCLASSIFIED,-3.65084,-4.144565105438232
1007,753539,UNCLASSIFIED,-4.210154,-5.314581394195557
1010,909785,UNCLASSIFIED,2.774993,2.585988759994507
1007,908454,UNCLASSIFIED,-5.97159,-5.895977973937988
1011,906853,UNCLASSIFIED,2.553421,2.0283572673797607
1013,910695,UNCLASSIFIED,2.77804,3.1003060340881348
1012,909756,UNCLASSIFIED,1.665147,2.271582841873169
1013,910849,UNCLASSIFIED,3.70734,2.632505416870117
1003,907298,UNCLASSIFIED,-2.858603,-4.177093505859375
1011,1303896,UNCLASSIFIED,4.37546,1.6038802862167358
1007,910779,UNCLASSIFIED,-1.823767,-2.1050760746002197
1004,907290,UNCLASSIFIED,-0.179663,-1.9818599224090576
1005,906848,UNCLASSIFIED,3.384277,2.836477279663086
1012,909769,UNCLASSIFIED,2.353776,1.899936318397522
1013,909777,UNCLASSIFIED,1.781393,2.066594123840332
1012,1240166,UNCLASSIFIED,0.533633,0.6814156174659729
1004,1290795,UNCLASSIFIED,-3.962707,-3.548506736755371
1022,1240140,UNCLASSIFIED,-0.846347,-0.3198711574077606
1017,908136,UNCLASSIFIED,2.203642,3.6718504428863525
1010,1240221,UNCLASSIFIED,2.389844,3.0712332725524902
1013,910779,UNCLASSIFIED,5.135082,4.919764995574951
1013,1290765,UNCLASSIFIED,4.145081,3.360901117324829
1034,909731,UNCLASSIFIED,-3.231582,-3.3040904998779297
1012,949160,UNCLASSIFIED,0.797206,1.0010398626327515
1003,909777,UNCLASSIFIED,-3.222282,-4.306789875030518
1003,907299,UNCLASSIFIED,-3.444165,-4.460684299468994
1034,906838,UNCLASSIFIED,-3.307909,-2.6242384910583496
1022,688121,UNCLASSIFIED,0.38151,0.3046025037765503
1013,910906,UNCLASSIFIED,0.607642,2.1518256664276123
1013,909717,UNCLASSIFIED,2.791977,3.4646825790405273
1022,684072,UNCLASSIFIED,-0.662024,-0.9267645478248596
1013,930082,UNCLASSIFIED,4.123487,2.8025999069213867
1007,906848,UNCLASSIFIED,-5.970778,-5.317870616912842
1011,907072,UNCLASSIFIED,-0.464734,1.1540045738220215
1022,909731,UNCLASSIFIED,-2.27841,-0.7592642903327942
1022,907069,UNCLASSIFIED,-0.806657,0.0033083464950323105
1005,907060,UNCLASSIFIED,2.001227,3.2370052337646484
1012,907268,UNCLASSIFIED,0.425295,0.4790671169757843
1007,910784,UNCLASSIFIED,-3.249691,-3.713432788848877
1013,909774,UNCLASSIFIED,2.058509,3.055516242980957
1011,1303912,UNCLASSIFIED,2.243374,1.5639339685440063
1012,949163,UNCLASSIFIED,0.089988,0.6146273016929626
1032,909720,UNCLASSIFIED,2.672322,2.3913538455963135
1022,724855,UNCLASSIFIED,-0.097662,1.500484824180603
1032,908138,UNCLASSIFIED,1.203115,2.2245407104492188
1013,924105,UNCLASSIFIED,4.011444,3.191354990005493
1007,1240184,UNCLASSIFIED,-2.521,-4.25801420211792
1010,906804,UNCLASSIFIED,1.853959,2.8580355644226074
1007,971773,UNCLASSIFIED,-7.371861,-6.307846546173096
1004,1290807,UNCLASSIFIED,-0.984006,-1.5882259607315063
1005,909264,UNCLASSIFIED,3.912507,3.547276258468628
1005,907056,UNCLASSIFIED,5.303803,4.600099086761475
1012,910706,UNCLASSIFIED,0.610372,0.32489991188049316
1007,905965,UNCLASSIFIED,-6.094784,-6.482780933380127
1017,949166,UNCLASSIFIED,1.913945,2.936032295227051
1003,925343,UNCLASSIFIED,-2.441699,-2.1281824111938477
1013,906999,UNCLASSIFIED,3.57402,3.6156153678894043
1012,909264,UNCLASSIFIED,1.453478,1.6644855737686157
1006,908127,UNCLASSIFIED,0.709642,0.5698819756507874
1017,909777,UNCLASSIFIED,4.095276,3.031463623046875
1012,924110,UNCLASSIFIED,0.869367,0.5503037571907043
1034,949167,UNCLASSIFIED,-3.529916,-2.9133036136627197
1003,946357,UNCLASSIFIED,-4.430529,-4.945494174957275
1005,909977,UNCLASSIFIED,5.276883,5.250210762023926
1003,1290807,UNCLASSIFIED,0.831452,-1.007352352142334
1005,1240140,UNCLASSIFIED,1.940108,2.9304399490356445
1034,907069,UNCLASSIFIED,-4.076453,-3.9122843742370605
1004,724855,UNCLASSIFIED,-0.757551,-2.7447266578674316
1034,906794,UNCLASSIFIED,-1.495185,-3.5119786262512207
1010,910401,UNCLASSIFIED,1.544548,2.871917724609375
1013,909759,UNCLASSIFIED,3.764047,2.8717775344848633
1022,906800,UNCLASSIFIED,-2.154886,-1.870080828666687
1022,906846,UNCLASSIFIED,-1.284115,-1.0700477361679077
1006,910695,UNCLASSIFIED,4.365626,3.378359794616699
1012,1240215,UNCLASSIFIED,1.79773,1.8919726610183716
1005,907323,UNCLASSIFIED,0.693147,1.6550365686416626
1006,905973,UNCLASSIFIED,2.962757,3.0084545612335205
1017,909759,UNCLASSIFIED,3.288288,3.3978030681610107
1005,909720,UNCLASSIFIED,2.522082,3.219298839569092
1004,907069,UNCLASSIFIED,-3.608358,-2.8311827182769775
1010,684059,UNCLASSIFIED,2.350602,2.855806350708008
1005,909756,UNCLASSIFIED,1.218578,4.212403297424316
1005,684059,UNCLASSIFIED,0.305406,0.8809859752655029
1006,907268,UNCLASSIFIED,0.206026,0.6180372834205627
1034,907000,UNCLASSIFIED,-4.919809,-5.0399298667907715
1022,910784,UNCLASSIFIED,-0.254395,0.756450891494751
1022,909720,UNCLASSIFIED,1.202352,0.23589079082012177
1004,909769,UNCLASSIFIED,-1.60496,-2.9426681995391846
1010,909759,UNCLASSIFIED,3.475323,3.5540459156036377
1010,753586,UNCLASSIFIED,4.000034,3.7856130599975586
1012,908474,UNCLASSIFIED,2.719922,1.582078218460083
1010,724855,UNCLASSIFIED,2.501802,4.396815776824951
1010,925341,UNCLASSIFIED,3.436961,3.451395034790039
1032,949167,UNCLASSIFIED,1.106431,1.5503901243209839
1034,949166,UNCLASSIFIED,-2.414793,-2.0660696029663086
1012,949161,UNCLASSIFIED,0.350565,1.0687227249145508
1017,1290807,UNCLASSIFIED,3.312327,4.739962100982666
1006,924105,UNCLASSIFIED,1.81369,1.9376918077468872
1013,907043,UNCLASSIFIED,1.284456,1.5522899627685547
1007,908474,UNCLASSIFIED,-5.633858,-5.515529632568359
1003,949164,UNCLASSIFIED,-1.75482,-3.975674629211426
1007,907796,UNCLASSIFIED,-3.221089,-3.2804155349731445
1012,906853,UNCLASSIFIED,2.938689,3.4963254928588867
1022,949158,UNCLASSIFIED,-2.387092,-0.9004448652267456
1022,905973,UNCLASSIFIED,1.061101,0.6227815747261047
1017,687780,UNCLASSIFIED,3.742389,4.6684489250183105
1005,1240128,UNCLASSIFIED,0.983924,2.784543514251709
1003,909716,UNCLASSIFIED,-1.662694,-4.054971218109131
1012,907047,UNCLASSIFIED,1.682321,1.6818815469741821
1004,1240166,UNCLASSIFIED,-6.214978,-5.872250080108643
1010,949158,UNCLASSIFIED,2.941023,2.749455690383911
1013,949160,UNCLASSIFIED,2.573321,3.465939998626709
1005,1330935,UNCLASSIFIED,2.618655,2.641007900238037
1005,753607,UNCLASSIFIED,2.881268,3.5548312664031982
1032,909776,UNCLASSIFIED,3.158106,2.332365036010742
1034,910779,UNCLASSIFIED,-0.96588,-1.2067198753356934
1004,907268,UNCLASSIFIED,-6.689679,-6.050642490386963
1013,909756,UNCLASSIFIED,5.128832,4.042919635772705
1005,724831,UNCLASSIFIED,2.734257,3.501277446746826
1005,908142,UNCLASSIFIED,3.603537,0.8555608987808228
1011,724855,UNCLASSIFIED,1.805264,2.658188581466675
1006,909731,UNCLASSIFIED,-1.464568,-0.4283216595649719
1032,910703,UNCLASSIFIED,1.498794,1.3578852415084839
1006,909977,UNCLASSIFIED,4.637327,3.999929428100586
1004,908132,UNCLASSIFIED,-4.453225,-5.645095348358154
1013,949165,UNCLASSIFIED,4.505182,2.9464828968048096
1005,910784,UNCLASSIFIED,4.971433,3.041098117828369
1003,907050,UNCLASSIFIED,1.063625,-0.6509186029434204
1010,906836,UNCLASSIFIED,2.18687,2.7709481716156006
1007,909769,UNCLASSIFIED,-2.370134,-4.673108100891113
1034,906999,UNCLASSIFIED,-4.924938,-4.9492597579956055
1004,907050,UNCLASSIFIED,2.383021,-0.7721540331840515
1032,684062,UNCLASSIFIED,1.430359,1.9134507179260254
1012,906847,UNCLASSIFIED,0.943527,0.4951348304748535
1017,909769,UNCLASSIFIED,5.102463,4.732755184173584
1011,906800,UNCLASSIFIED,-1.923001,-1.4864733219146729
1010,909774,UNCLASSIFIED,4.649576,3.5264124870300293
1007,909717,UNCLASSIFIED,-5.441238,-5.013187408447266
1022,910703,UNCLASSIFIED,0.39216,-1.3158818483352661
1003,687829,UNCLASSIFIED,0.358145,0.38275885581970215
1022,907796,UNCLASSIFIED,0.49349,1.4560235738754272
1012,909754,UNCLASSIFIED,4.431392,3.23014497756958
1007,907299,UNCLASSIFIED,-4.649537,-5.86668586730957
1012,1240128,UNCLASSIFIED,1.581507,1.7233248949050903
1004,906999,UNCLASSIFIED,-3.002757,-4.756690502166748
1013,753539,UNCLASSIFIED,2.944807,3.795459508895874
1005,909716,UNCLASSIFIED,3.260395,1.5256526470184326
1032,908132,UNCLASSIFIED,1.57339,1.7128342390060425
1013,906861,UNCLASSIFIED,2.627537,3.843149185180664
1007,687780,UNCLASSIFIED,-3.311873,-4.590454578399658
1003,908156,UNCLASSIFIED,-5.446414,-5.347142219543457
1005,949160,UNCLASSIFIED,1.717327,1.1183699369430542
1032,1290765,UNCLASSIFIED,1.843657,2.290489435195923
1011,687600,UNCLASSIFIED,-2.000064,0.12463589012622833
1022,909785,UNCLASSIFIED,-3.069422,-1.8091925382614136
1012,907000,UNCLASSIFIED,1.643311,1.2219417095184326
1004,949165,UNCLASSIFIED,-4.516427,-4.863439083099365
1011,909732,UNCLASSIFIED,1.700009,2.414079189300537
1006,910779,UNCLASSIFIED,4.341907,4.372889995574951
1011,910703,UNCLASSIFIED,2.573315,1.1382912397384644
1007,1240215,UNCLASSIFIED,-3.934541,-5.080292224884033
1003,1240128,UNCLASSIFIED,-3.639373,-3.5419058799743652
1012,909777,UNCLASSIFIED,0.399715,0.37699955701828003
1022,905965,UNCLASSIFIED,-2.477323,-1.3240108489990234
1010,907064,UNCLASSIFIED,4.101245,3.9993081092834473
1003,910779,UNCLASSIFIED,-1.842245,-0.5362550616264343
1011,753607,UNCLASSIFIED,-1.22823,-1.768001675605774
1005,910705,UNCLASSIFIED,0.490936,0.44809597730636597
1022,909777,UNCLASSIFIED,-1.219808,-1.2270056009292603
1032,906999,UNCLASSIFIED,2.21732,2.512260913848877
1004,687829,UNCLASSIFIED,-2.878517,-2.3836379051208496
1022,949163,UNCLASSIFIED,-1.319744,-0.9858949184417725
1007,925343,UNCLASSIFIED,-3.068862,-4.295979022979736
1004,1331039,UNCLASSIFIED,-5.165852,-3.5818302631378174
1017,908138,UNCLASSIFIED,5.715413,4.578880786895752
1006,1240210,UNCLASSIFIED,1.886998,1.961887240409851
1034,908143,UNCLASSIFIED,-1.389957,-2.6069657802581787
1005,687829,UNCLASSIFIED,6.118967,4.822366237640381
1011,930082,UNCLASSIFIED,1.318492,1.153752088546753
1010,684052,UNCLASSIFIED,3.242263,3.161247968673706
1012,907323,UNCLASSIFIED,0.753784,0.47682756185531616
1011,971773,UNCLASSIFIED,1.020276,0.9084779620170593
1004,906848,UNCLASSIFIED,-4.826142,-4.579652786254883
1032,907056,UNCLASSIFIED,2.521315,2.7957231998443604
1012,1240210,UNCLASSIFIED,0.267827,0.8977851271629333
1003,909756,UNCLASSIFIED,-3.816316,-1.7755554914474487
1010,909779,UNCLASSIFIED,3.874882,3.893692970275879
1013,1330935,UNCLASSIFIED,2.264578,3.151621103286743
1005,909774,UNCLASSIFIED,1.686178,2.9831035137176514
1007,908471,UNCLASSIFIED,-5.492923,-5.168671131134033
1011,925341,UNCLASSIFIED,1.913161,-0.08628374338150024
1013,1298219,UNCLASSIFIED,5.521605,5.3125739097595215
1017,949168,UNCLASSIFIED,4.375531,3.3649606704711914
1022,1322218,UNCLASSIFIED,-1.318866,-1.1506561040878296
1013,924186,UNCLASSIFIED,4.172898,3.074080467224121
1004,949161,UNCLASSIFIED,-5.845546,-5.163611888885498
1022,949166,UNCLASSIFIED,1.603613,0.4130720794200897
1010,924186,UNCLASSIFIED,3.087706,3.544496536254883
1010,909976,UNCLASSIFIED,3.401995,3.1236250400543213
1012,930082,UNCLASSIFIED,1.13872,1.2133314609527588
1006,949157,UNCLASSIFIED,1.635785,3.200758457183838
1017,908459,UNCLASSIFIED,5.255177,4.785974979400635
1012,909977,UNCLASSIFIED,3.095262,2.469376802444458
1013,1303912,UNCLASSIFIED,2.204008,3.319810628890991
1022,909756,UNCLASSIFIED,0.700242,0.9733796119689941
1003,1240215,UNCLASSIFIED,-1.388206,-1.646012306213379
1013,1240140,UNCLASSIFIED,4.207679,3.2057385444641113
1017,1240221,UNCLASSIFIED,1.527387,2.4895896911621094
1004,946361,UNCLASSIFIED,-4.289111,-3.5585501194000244
1034,930082,UNCLASSIFIED,-3.02775,-3.1863293647766113
1005,910703,UNCLASSIFIED,3.521056,1.5010234117507935
1003,909976,UNCLASSIFIED,-3.229047,-3.6032192707061768
1010,909262,UNCLASSIFIED,2.848033,2.7835936546325684
1010,910906,UNCLASSIFIED,2.929821,2.871666669845581
1005,1290807,UNCLASSIFIED,4.342992,4.856156826019287
1005,687780,UNCLASSIFIED,1.861001,4.38829231262207
1013,909716,UNCLASSIFIED,1.959917,2.5674338340759277
1006,924110,UNCLASSIFIED,1.690969,2.006582736968994
1012,949158,UNCLASSIFIED,0.933389,0.6582024097442627
1032,907047,UNCLASSIFIED,0.504627,1.1048434972763062
1012,1331039,UNCLASSIFIED,0.717909,1.0297991037368774
1034,907273,UNCLASSIFIED,-3.098024,-3.5319137573242188
1032,1240210,UNCLASSIFIED,1.311439,1.661694049835205
1003,908131,UNCLASSIFIED,-3.082263,-2.7270326614379883
1017,909699,UNCLASSIFIED,6.715373,4.884587287902832
1003,724855,UNCLASSIFIED,0.197419,-2.26314640045166
1012,910401,UNCLASSIFIED,0.84013,0.4401765465736389
1011,908136,UNCLASSIFIED,4.519492,0.830858588218689
1006,1303896,UNCLASSIFIED,-1.96735,-1.2453862428665161
1034,906861,UNCLASSIFIED,-3.80809,-3.8458023071289062
1017,907064,UNCLASSIFIED,3.706178,4.583643436431885
1011,907322,UNCLASSIFIED,-0.316368,0.12740856409072876
1005,906999,UNCLASSIFIED,2.959772,3.9076755046844482
1032,1290795,UNCLASSIFIED,1.600661,2.440350294113159
1004,1303896,UNCLASSIFIED,-6.096121,-6.308719158172607
1034,949168,UNCLASSIFIED,-1.451636,-2.177915334701538
1003,925341,UNCLASSIFIED,-2.456042,-2.1340861320495605
1006,1331040,UNCLASSIFIED,-1.105857,-1.7648377418518066
1004,909732,UNCLASSIFIED,-4.692018,-3.316833734512329
1017,925345,UNCLASSIFIED,3.508417,4.085628032684326
1004,909716,UNCLASSIFIED,-3.851407,-5.3690571784973145
1003,908467,UNCLASSIFIED,-4.554415,-4.650118350982666
1013,1322218,UNCLASSIFIED,2.378658,2.4743776321411133
1034,684062,UNCLASSIFIED,-2.657501,-2.227506399154663
1032,687829,UNCLASSIFIED,1.742268,2.7521634101867676
1003,908138,UNCLASSIFIED,-0.870755,-0.7468079924583435
1004,905973,UNCLASSIFIED,1.209555,-2.4158425331115723
1012,1330935,UNCLASSIFIED,-0.275366,0.7347202301025391
1032,1298219,UNCLASSIFIED,3.291924,3.1441571712493896
1032,907044,UNCLASSIFIED,1.028847,1.3718172311782837
1004,949166,UNCLASSIFIED,-1.442549,-2.5275750160217285
1010,930082,UNCLASSIFIED,2.292074,3.039613723754883
1013,909720,UNCLASSIFIED,4.126619,3.501394271850586
1007,949166,UNCLASSIFIED,-2.789391,-3.5788140296936035
1022,909732,UNCLASSIFIED,-0.767803,0.1334574967622757
1003,684059,UNCLASSIFIED,-5.239445,-4.751936912536621
1034,909975,UNCLASSIFIED,-3.361009,-1.626144289970398
1011,1290795,UNCLASSIFIED,1.710653,2.5582926273345947
1011,949161,UNCLASSIFIED,-1.212205,-0.09523557871580124
1032,1240149,UNCLASSIFIED,1.499261,1.989803671836853
1013,724863,UNCLASSIFIED,3.449056,3.3610215187072754
1010,949157,UNCLASSIFIED,4.344833,3.765075206756592
1004,910906,UNCLASSIFIED,-6.161162,-5.871506214141846
1010,909732,UNCLASSIFIED,3.819735,3.635056972503662
1013,905973,UNCLASSIFIED,5.237952,3.41257381439209
1007,1240128,UNCLASSIFIED,-4.367454,-5.199854373931885
1032,949155,UNCLASSIFIED,1.193291,1.4878841638565063
1005,1303912,UNCLASSIFIED,4.089607,4.233756065368652
1022,753539,UNCLASSIFIED,-0.614871,-0.5631828308105469
1032,907073,UNCLASSIFIED,0.804721,1.658576250076294
1011,909975,UNCLASSIFIED,3.44281,2.3977932929992676
1011,908467,UNCLASSIFIED,0.202184,1.1381059885025024
1007,1298539,UNCLASSIFIED,-3.001057,-3.7099664211273193
1005,1331039,UNCLASSIFIED,1.123838,2.147169589996338
1034,949155,UNCLASSIFIED,-3.451097,-3.5558524131774902
1013,909976,UNCLASSIFIED,2.441245,2.7328414916992188
1017,907072,UNCLASSIFIED,2.748442,2.9697506427764893
1022,1331040,UNCLASSIFIED,-1.788353,-1.6848872900009155
1003,1298534,UNCLASSIFIED,-0.534857,-1.1246813535690308
1011,906846,UNCLASSIFIED,1.788274,1.7693933248519897
1011,908138,UNCLASSIFIED,1.882077,2.3723554611206055
1011,1240128,UNCLASSIFIED,3.432981,2.028409957885742
1034,909769,UNCLASSIFIED,-2.606376,-3.8773858547210693
1032,925341,UNCLASSIFIED,2.194732,2.0126304626464844
1013,908459,UNCLASSIFIED,4.758369,4.327272891998291
1005,1240221,UNCLASSIFIED,1.025939,1.2816728353500366
1032,925343,UNCLASSIFIED,3.586364,2.665537118911743
1010,687780,UNCLASSIFIED,3.869625,3.738407850265503
1022,906861,UNCLASSIFIED,-0.317514,-0.18039624392986298
1006,1240128,UNCLASSIFIED,0.084087,-0.010598903521895409
1011,908159,UNCLASSIFIED,2.563456,1.0010619163513184
1007,1330933,UNCLASSIFIED,-6.173598,-6.372096061706543
1034,909776,UNCLASSIFIED,-4.124729,-3.9069299697875977
1022,1303896,UNCLASSIFIED,-2.462215,-1.6114879846572876
1032,1240184,UNCLASSIFIED,2.1068,2.6264615058898926
1003,907047,UNCLASSIFIED,-3.017804,-2.9121670722961426
1007,1290807,UNCLASSIFIED,-2.659885,-3.5643057823181152
1010,907056,UNCLASSIFIED,3.98307,3.828660249710083
1010,908471,UNCLASSIFIED,3.106293,3.4057936668395996
1011,906856,UNCLASSIFIED,-2.223253,-3.1521434783935547
1003,949157,UNCLASSIFIED,-1.143252,-1.369458794593811
1011,687829,UNCLASSIFIED,4.493056,1.9899417161941528
1004,908131,UNCLASSIFIED,-5.377213,-4.019504070281982
1022,909977,UNCLASSIFIED,0.769423,0.9055080413818359
1003,906853,UNCLASSIFIED,2.652026,1.3255921602249146
1034,909779,UNCLASSIFIED,-3.39535,-2.1187925338745117
1011,949160,UNCLASSIFIED,1.197053,0.932517945766449
1022,906836,UNCLASSIFIED,-2.862395,-1.368853211402893
1034,907299,UNCLASSIFIED,-3.304165,-3.1953694820404053
1010,1240149,UNCLASSIFIED,2.633779,3.5076446533203125
1007,906794,UNCLASSIFIED,-4.437704,-4.794433116912842
1010,949155,UNCLASSIFIED,2.177313,2.7997891902923584
1004,1331040,UNCLASSIFIED,-7.310668,-6.648038387298584
1005,724855,UNCLASSIFIED,5.742154,3.8907620906829834
1017,909720,UNCLASSIFIED,5.503184,4.0364484786987305
1003,1330933,UNCLASSIFIED,-4.890189,-5.506778240203857
1005,907273,UNCLASSIFIED,1.374197,1.2911455631256104
1007,910401,UNCLASSIFIED,-5.20408,-5.773897647857666
1032,905973,UNCLASSIFIED,3.691617,2.547480583190918
1006,1303912,UNCLASSIFIED,3.991722,3.3937439918518066
1007,949167,UNCLASSIFIED,-5.376715,-6.305103302001953
1013,908471,UNCLASSIFIED,2.901177,2.669969081878662
1034,907072,UNCLASSIFIED,-4.269059,-3.7787487506866455
1011,908459,UNCLASSIFIED,1.325407,3.858468532562256
1003,907060,UNCLASSIFIED,-3.017332,-2.9385204315185547
1013,949156,UNCLASSIFIED,5.06289,3.996119976043701
1022,908127,UNCLASSIFIED,-0.134099,-0.21507294476032257
1022,924186,UNCLASSIFIED,-0.426194,-0.49318504333496094
1003,909732,UNCLASSIFIED,-3.332248,-3.448157787322998
1017,908142,UNCLASSIFIED,3.466178,2.5458984375
1012,908127,UNCLASSIFIED,1.832455,1.5115764141082764
1003,910851,UNCLASSIFIED,-1.361741,-2.414534330368042
1006,910703,UNCLASSIFIED,0.473487,-0.6008477807044983
1007,908142,UNCLASSIFIED,-4.961781,-6.069726467132568
1022,684059,UNCLASSIFIED,-1.332333,-0.6391428112983704
1007,907290,UNCLASSIFIED,-0.730226,-2.727078914642334
1017,907043,UNCLASSIFIED,3.427139,2.5380258560180664
1022,930082,UNCLASSIFIED,0.44214,0.06247171759605408
1005,949156,UNCLASSIFIED,0.985808,1.803284764289856
1022,907050,UNCLASSIFIED,2.002262,2.605189085006714
1007,909701,UNCLASSIFIED,-5.876901,-6.151615619659424
1034,910784,UNCLASSIFIED,-3.570056,-2.502769708633423
1017,687600,UNCLASSIFIED,4.377469,4.931190013885498
1013,724831,UNCLASSIFIED,4.613665,3.497070789337158
1034,909754,UNCLASSIFIED,-0.815774,-1.5596450567245483
1004,909776,UNCLASSIFIED,-3.640677,-1.96503484249115
1022,909716,UNCLASSIFIED,-0.942034,-0.5833049416542053
1017,949167,UNCLASSIFIED,1.434513,1.3380972146987915
1005,907268,UNCLASSIFIED,2.417991,1.1950080394744873
1013,1240184,UNCLASSIFIED,3.587022,3.5628514289855957
1006,724855,UNCLASSIFIED,3.07918,1.7186448574066162
1012,925345,UNCLASSIFIED,0.818293,1.4945465326309204
1006,906853,UNCLASSIFIED,5.214381,4.781479358673096
1012,753539,UNCLASSIFIED,0.929489,1.1169239282608032
1011,1330935,UNCLASSIFIED,-2.785433,-1.0871365070343018
1004,1298219,UNCLASSIFIED,-1.688666,-0.7816682457923889
1005,688121,UNCLASSIFIED,1.268198,3.066676616668701
1022,687600,UNCLASSIFIED,0.80071,0.2048865407705307
1006,906847,UNCLASSIFIED,1.51117,1.7775285243988037
1017,925341,UNCLASSIFIED,3.156941,4.183104991912842
1011,908454,UNCLASSIFIED,1.401758,1.1199852228164673
1003,907064,UNCLASSIFIED,-0.817971,-2.2779431343078613
1011,684052,UNCLASSIFIED,1.173842,0.7186852097511292
1030,905957,BRCA,2.63455,3.753115177154541
1032,905946,BRCA,3.625707,2.758185863494873
1013,1298157,BRCA,3.58932,3.248812675476074
1022,907045,BRCA,4.885804,3.156691074371338
1004,1303900,BRCA,-3.469972,-1.4248437881469727
1032,910852,BRCA,2.761687,1.8297345638275146
1010,910948,BRCA,5.200676,3.5236268043518066
1004,949093,BRCA,2.5742,-0.4057583212852478
1021,749713,BRCA,3.685575,2.512641429901123
1004,1240172,BRCA,-1.641641,-1.384696125984192
1030,749715,BRCA,4.303272,4.502194881439209
1032,749715,BRCA,0.721975,0.9931214451789856
1007,910927,BRCA,-4.886498,-5.2602972984313965
1007,749715,BRCA,-5.620538,-4.884039402008057
1003,906862,BRCA,-1.268542,-2.9433138370513916
1010,1298157,BRCA,3.927934,3.522637128829956
1025,905960,BRCA,4.76152,5.121001720428467
1013,749710,BRCA,4.092981,3.854653835296631
1004,906801,BRCA,-1.757154,-3.6422085762023926
1022,910948,BRCA,0.673185,3.071082830429077
1025,924106,BRCA,5.811055,4.353879928588867
1004,905960,BRCA,-3.740682,-4.287225246429443
1021,907045,BRCA,3.221989,3.1180946826934814
1034,946382,BRCA,-1.183125,-2.1228365898132324
1022,906826,BRCA,2.254391,1.7943135499954224
1012,925338,BRCA,1.738234,2.1072378158569336
1003,910910,BRCA,-2.695748,0.8660531640052795
1032,910910,BRCA,1.384646,2.2574920654296875
1017,908121,BRCA,4.320125,4.4762139320373535
1034,910852,BRCA,-2.807871,-3.9259722232818604
1022,749712,BRCA,-2.324322,-0.090171217918396
1006,1298157,BRCA,1.977999,3.384868621826172
1030,906801,BRCA,4.071338,4.598668575286865
1034,749711,BRCA,-1.804849,-2.608666181564331
1030,905951,BRCA,3.685844,4.270534992218018
1011,905946,BRCA,1.464123,2.381554126739502
1013,749717,BRCA,3.89831,4.033557415008545
1034,906851,BRCA,-2.436383,-2.5008323192596436
1007,749713,BRCA,-3.123274,-5.20496129989624
1005,905960,BRCA,3.589114,3.047548532485962
1005,905946,BRCA,4.583545,4.193954944610596
1011,1290922,BRCA,-0.44412,1.8315238952636719
1003,749717,BRCA,-2.078181,-0.21194137632846832
1034,907048,BRCA,-3.619216,-3.0203511714935303
1005,908151,BRCA,2.977731,2.439760684967041
1004,908122,BRCA,-3.694394,-5.469481945037842
1010,908151,BRCA,2.792826,2.968435049057007
1022,749709,BRCA,-0.419661,0.5754159688949585
1022,749714,BRCA,-0.055301,0.8270137310028076
1030,749709,BRCA,4.140856,4.487642765045166
1032,910704,BRCA,-1.595518,0.5036060214042664
1022,905960,BRCA,0.303129,-0.09601585566997528
1007,906851,BRCA,-4.350191,-4.5166754722595215
1010,925338,BRCA,4.032564,3.791998863220215
1030,906862,BRCA,3.072385,3.7398345470428467
1004,925338,BRCA,-4.24999,-2.3856818675994873
1030,749717,BRCA,4.715382,5.622576713562012
1013,906851,BRCA,3.060762,2.5312001705169678
1017,909256,BRCA,3.497044,3.94887638092041
1017,905960,BRCA,4.135779,3.973484992980957
1006,905946,BRCA,3.829049,2.772803544998169
1004,905946,BRCA,-2.060329,-4.294398784637451
1011,906801,BRCA,2.052318,3.2025372982025146
1021,910948,BRCA,1.135354,3.851871967315674
1034,909907,BRCA,0.430009,-1.8063373565673828
1013,749711,BRCA,4.122137,3.7162792682647705
1003,908121,BRCA,-0.959321,-1.0844651460647583
1007,905957,BRCA,-7.100364,-5.111644268035889
1017,909907,BRCA,6.131793,6.241546154022217
1032,909256,BRCA,-1.076414,1.107991099357605
1012,1290906,BRCA,1.004464,1.1590982675552368
1034,905946,BRCA,-1.662312,-2.4201502799987793
1006,906826,BRCA,2.91798,4.516907215118408
1030,946382,BRCA,3.960328,4.196905612945557
1011,924240,BRCA,-0.046899,-0.5368128418922424
1032,749714,BRCA,2.3266,1.8808705806732178
1007,906862,BRCA,-4.275581,-5.808924198150635
1011,946382,BRCA,1.142873,0.9487724900245667
1025,908123,BRCA,4.343723,4.7159295082092285
1004,749711,BRCA,0.216149,-1.5030372142791748
1022,905951,BRCA,-1.273288,0.20940212905406952
1030,749711,BRCA,4.768212,4.548301696777344
1005,909907,BRCA,7.28243,5.929039478302002
1021,909256,BRCA,1.864141,2.0839033126831055
1007,1240172,BRCA,-3.311594,-3.0306644439697266
1025,1240172,BRCA,6.116939,6.2162346839904785
1034,908122,BRCA,-2.056429,-2.8632888793945312
1006,946382,BRCA,2.158183,2.6026859283447266
1007,749711,BRCA,-4.303828,-3.2624237537384033
1006,907048,BRCA,2.917117,2.9982595443725586
1017,906801,BRCA,4.204667,4.4649434089660645
1004,906812,BRCA,-3.133944,-5.166857719421387
1007,910852,BRCA,-4.264956,-4.2676777839660645
1022,908122,BRCA,-0.559591,0.8416757583618164
1022,909778,BRCA,1.530657,0.5178623795509338
1025,910852,BRCA,5.030429,5.489923477172852
1003,749712,BRCA,-2.309078,-1.8583647012710571
1032,1290922,BRCA,0.326535,1.046679139137268
1011,910910,BRCA,1.789752,2.772791862487793
1005,1290905,BRCA,7.472223,6.090785503387451
1017,749710,BRCA,5.421619,4.518499851226807
1004,906862,BRCA,-2.57259,-5.892990589141846
1012,949093,BRCA,3.008608,1.9881647825241089
1006,1290922,BRCA,2.523468,3.237692356109619
1005,907045,BRCA,4.141378,4.821755409240723
1025,925338,BRCA,6.092504,6.056057929992676
1004,905951,BRCA,-2.224566,-3.0732059478759766
1030,924106,BRCA,5.512146,3.17214298248291
1032,906826,BRCA,3.956406,4.1933770179748535
1012,910704,BRCA,0.611266,0.914551317691803
1011,1290905,BRCA,1.045633,2.2309679985046387
1013,749715,BRCA,2.480146,2.319127082824707
1013,1290905,BRCA,2.019425,2.5817296504974365
1010,949093,BRCA,6.296963,4.958093166351318
1010,906844,BRCA,1.843827,2.6872377395629883
1003,924240,BRCA,0.57138,-0.3374069929122925
1013,905951,BRCA,1.754377,3.3018620014190674
1013,924106,BRCA,3.346528,1.9403386116027832
1012,905945,BRCA,1.355905,1.374670147895813
1017,1290922,BRCA,4.150267,4.678995132446289
1003,1290798,BRCA,1.431538,1.789756178855896
1034,924106,BRCA,-1.38544,-3.583594799041748
1030,906844,BRCA,3.143339,2.787789821624756
1003,906826,BRCA,-1.152528,0.4580729603767395
1022,949093,BRCA,2.273661,4.233882427215576
1005,906844,BRCA,1.692161,0.9866582751274109
1013,910852,BRCA,3.156758,3.6386075019836426
1034,949093,BRCA,3.430061,-0.4888327121734619
1032,908122,BRCA,1.422163,1.332098364830017
1003,749709,BRCA,-0.251083,-1.2464121580123901
1010,905951,BRCA,4.377846,3.648369789123535
1004,910704,BRCA,-2.721654,-5.17195463180542
1011,906851,BRCA,1.415196,1.566388487815857
1004,907045,BRCA,-0.90417,-2.2146692276000977
1025,905951,BRCA,5.446077,5.295340061187744
1022,1290905,BRCA,3.069879,3.7834906578063965
1021,909778,BRCA,4.462429,2.2554984092712402
1022,749717,BRCA,-0.4737,0.9019697308540344
1021,906862,BRCA,1.565715,2.122490644454956
1032,946359,BRCA,-0.840938,1.2405401468276978
1022,946382,BRCA,2.480218,2.106572389602661
1010,909907,BRCA,5.254369,3.3691353797912598
1030,907045,BRCA,4.093357,4.752280235290527
1011,908151,BRCA,1.754743,2.282078266143799
1003,905960,BRCA,-2.227156,-2.968440532684326
1022,908123,BRCA,0.188369,-0.311782568693161
1034,910910,BRCA,-1.954759,-2.0009355545043945
1022,749711,BRCA,1.528852,0.7605153918266296
1005,749710,BRCA,6.429997,4.308980464935303
1032,910948,BRCA,3.117772,1.413558840751648
1011,724878,LUAD,2.433111,4.1569318771362305
1005,1240190,LUAD,3.954724,3.0042033195495605
1003,1247873,LUAD,-1.578331,-0.05345071852207184
1010,1240190,LUAD,4.303477,2.100409507751465
1017,1240202,LUAD,5.552709,5.1579909324646
1017,908460,LUAD,8.528355,5.5783867835998535
1005,908475,LUAD,5.281792,4.4313836097717285
1003,905942,LUAD,-2.606447,-3.0856590270996094
1032,687820,LUAD,5.08693,4.02628755569458
1032,924244,LUAD,-0.97483,1.9601956605911255
1017,1298537,LUAD,5.281972,4.389379978179932
1012,687777,LUAD,2.422174,2.1328306198120117
1007,724866,LUAD,-3.598111,-3.6589322090148926
1032,724868,LUAD,1.701617,1.712235927581787
1017,908465,LUAD,4.679933,4.739071369171143
1004,687812,LUAD,-2.004142,-0.9923627972602844
1004,724859,LUAD,-3.569665,-3.302663803100586
1011,905944,LUAD,4.141739,3.308138370513916
1017,753600,LUAD,5.823701,4.907144546508789
1017,753592,LUAD,4.263744,4.442403793334961
1006,1290908,LUAD,1.264922,1.1515244245529175
1013,905949,LUAD,3.112399,3.249850273132324
1007,924244,LUAD,-5.476752,-4.762265682220459
1022,753592,LUAD,-0.002432,-0.2743053436279297
1013,908476,LUAD,4.656168,3.184272289276123
1007,1503370,LUAD,-4.942111,-5.080833911895752
1034,687819,LUAD,-1.25786,-1.4515379667282104
1022,724859,LUAD,-0.413605,0.37157970666885376
1013,687798,LUAD,5.0769,3.541965961456299
1005,905972,LUAD,3.348387,4.333278179168701
1022,905942,LUAD,0.05226,-0.19296051561832428
1034,1240187,LUAD,-1.710815,-3.7498779296875
1005,724834,LUAD,2.114554,3.582899332046509
1011,908463,LUAD,2.622364,5.125132083892822
1032,1240190,LUAD,2.292302,0.7600837349891663
1011,1290908,LUAD,2.342777,2.9835314750671387
1022,724834,LUAD,1.329367,0.8336622714996338
1022,908463,LUAD,1.985026,1.5832418203353882
1005,687812,LUAD,4.607551,5.452399730682373
1012,722066,LUAD,1.883613,2.382967948913574
1010,1298347,LUAD,3.258705,3.392235040664673
1003,722066,LUAD,-2.645933,-1.6960426568984985
1006,687820,LUAD,4.824168,4.906232833862305
1022,687816,LUAD,0.342897,0.46301400661468506
1003,1240145,LUAD,-2.09719,-3.1419436931610107
1032,713869,LUAD,3.054388,3.242194175720215
1012,687799,LUAD,1.426079,1.7512928247451782
1004,687807,LUAD,-0.374041,1.2880438566207886
1017,713869,LUAD,5.054643,4.847555160522461
1022,910900,LUAD,-0.008361,-0.19421105086803436
1034,908460,LUAD,0.8875,-0.8565581440925598
1010,687800,LUAD,3.267384,3.71480131149292
1007,724868,LUAD,-5.631608,-6.016056060791016
1017,724873,LUAD,3.662264,4.079787731170654
1017,687800,LUAD,5.091084,5.33186149597168
1022,909721,LUAD,1.524099,1.8239837884902954
1006,905949,LUAD,-1.233325,0.8795725107192993
1006,1240145,LUAD,1.202464,1.9961878061294556
1006,724866,LUAD,3.781527,3.7468104362487793
1007,713869,LUAD,-4.670826,-3.8527636528015137
1032,908460,LUAD,3.076726,3.507512331008911
1012,908475,LUAD,1.293302,1.9549533128738403
1022,1240190,LUAD,0.272511,-0.19671128690242767
1004,722046,LUAD,-7.125521,-5.391780853271484
1010,1298537,LUAD,1.907038,3.0140891075134277
1022,1240146,LUAD,-0.263113,-0.0805218368768692
1011,1240187,LUAD,4.583922,2.9794626235961914
1006,687800,LUAD,5.804195,4.550876140594482
1032,724834,LUAD,2.906479,2.7517247200012207
1032,687821,LUAD,6.539095,3.463728427886963
1004,908465,LUAD,-3.16508,-2.778667449951172
1004,1503370,LUAD,-5.652329,-4.196381092071533
1034,1240145,LUAD,-4.850749,-4.617328643798828
1034,687800,LUAD,-3.108669,-1.4079374074935913
1012,724868,LUAD,1.797728,1.2080442905426025
1017,1298348,LUAD,5.185704,5.652390003204346
1022,722066,LUAD,1.451995,1.114603877067566
1003,908472,LUAD,1.769308,-0.9824591279029846
1010,724878,LUAD,5.547477,5.488731861114502
1012,753608,LUAD,1.60677,1.806533694267273
1034,908465,LUAD,-3.882573,-2.9851722717285156
1034,908476,LUAD,-3.570027,-2.943319320678711
1032,724873,LUAD,1.563318,1.9537349939346313
1032,908475,LUAD,1.460188,2.2587785720825195
1034,687807,LUAD,-1.626769,-1.44659423828125
1017,1503370,LUAD,3.025936,4.122714519500732
1004,924244,LUAD,-5.285748,-3.3319239616394043
1003,687777,LUAD,-1.993318,0.5340963006019592
1003,724868,LUAD,-3.601037,-3.7999038696289062
1007,1298350,LUAD,-3.629512,-4.570939540863037
1034,908472,LUAD,-2.325327,-2.2550265789031982
1007,1240146,LUAD,-3.281004,-3.172612190246582
1004,906805,LUAD,-0.156225,-1.3258575201034546
1012,687807,LUAD,2.698101,2.698385238647461
1006,908473,LUAD,3.525576,3.0058114528656006
1010,687821,LUAD,5.134012,4.331848621368408
1005,724859,LUAD,2.449442,3.6155998706817627
1005,908460,LUAD,6.548302,6.6490960121154785
1010,905972,LUAD,4.383215,4.1983113288879395
1011,908475,LUAD,2.817616,3.066239595413208
1013,924244,LUAD,4.126801,3.8012614250183105
1011,1298347,LUAD,-0.54256,1.1745651960372925
1004,713869,LUAD,-2.39358,-3.1528735160827637
1004,1298348,LUAD,1.522774,-1.6684750318527222
1003,713869,LUAD,1.293788,-0.9937511086463928
1007,908476,LUAD,-4.679225,-5.190736293792725
1004,908475,LUAD,-3.821212,-3.655636787414551
1011,910900,LUAD,2.483599,2.1249470710754395
1011,908472,LUAD,2.034656,5.013914585113525
1013,1240202,LUAD,5.55888,4.837707996368408
1011,1298537,LUAD,4.063839,2.2526912689208984
1006,724868,LUAD,1.257351,0.7771734595298767
1010,724866,LUAD,4.747816,3.692298412322998
1017,687799,LUAD,4.083897,4.507936954498291
1032,1240185,LUAD,2.504531,2.3050901889801025
1013,910900,LUAD,3.935618,3.031341791152954
1022,908473,LUAD,1.51831,0.2640530467033386
1007,1240185,LUAD,-4.223765,-4.641532897949219
1022,724868,LUAD,-0.436748,-0.5110477805137634
1005,687799,LUAD,3.448511,3.5537164211273193
1003,1240190,LUAD,-2.989968,-3.480426549911499
1034,722066,LUAD,-3.537248,-2.9462339878082275
1011,687820,LUAD,2.876982,2.426128625869751
1012,1298350,LUAD,3.793257,1.7028895616531372
1010,1240185,LUAD,3.338177,3.419264316558838
1003,1298347,LUAD,-0.68716,0.7597255110740662
1012,905967,LUAD,1.306298,1.8108136653900146
1022,905949,LUAD,0.104302,-0.31510913372039795
1006,687802,LUAD,3.86255,3.989859104156494
1010,1298348,LUAD,0.997395,3.1965994834899902
1032,906805,LUAD,-3.174215,-0.9507314562797546
1032,1247873,LUAD,-4.001855,0.9754830002784729
1011,687807,LUAD,2.724454,2.2221202850341797
1022,909718,COREAD,-1.13246,-0.9590438604354858
1025,909751,COREAD,4.280788,4.862032413482666
1032,910554,COREAD,-0.238455,2.1513237953186035
1034,905971,COREAD,-3.287872,-3.719452381134033
1007,917486,COREAD,-3.362805,-3.294097423553467
1003,909755,COREAD,-0.862671,0.39088234305381775
1034,909740,COREAD,-3.621352,-2.4643478393554688
1013,910905,COREAD,3.691919,4.049803256988525
1004,909748,COREAD,-2.246033,-4.201707363128662
1006,1290769,COREAD,2.428779,3.295412540435791
1011,1660034,COREAD,3.232104,1.6374849081039429
1012,910554,COREAD,1.118374,1.2452830076217651
1003,905936,COREAD,-2.985721,-3.898649215698242
1032,909263,COREAD,1.612073,2.975437641143799
1010,909748,COREAD,2.273289,3.95750093460083
1007,910905,COREAD,-1.321092,-3.6755547523498535
1006,909746,COREAD,4.491727,3.8115620613098145
1025,905939,COREAD,8.03922,5.8384785652160645
1022,909761,COREAD,-0.579413,0.7030981779098511
1034,909755,COREAD,-1.647075,-2.7483983039855957
1003,907795,COREAD,-2.945073,-2.483613967895508
1013,924108,COREAD,4.554805,3.6238293647766113
1034,905939,COREAD,-2.93729,-2.426900625228882
1013,909748,COREAD,3.489339,3.2731165885925293
1013,1240173,COREAD,3.80199,2.6373753547668457
1025,1659823,COREAD,6.718473,5.625914096832275
1017,1660035,COREAD,5.818012,4.838843822479248
1004,905937,COREAD,-4.149876,-4.8319010734558105
1010,907794,COREAD,4.042717,3.8488218784332275
1007,909263,COREAD,-2.385036,-2.5660781860351562
1012,905989,COREAD,1.372737,1.1599647998809814
1012,909263,COREAD,0.902432,1.8760632276535034
1005,998189,COREAD,2.96566,3.850069999694824
1010,1660034,COREAD,3.912275,2.899256706237793
1005,909757,COREAD,3.369007,4.297233581542969
1012,905961,COREAD,0.63773,0.8899291157722473
1004,909747,COREAD,0.88816,0.8626458048820496
1034,909718,COREAD,-4.669912,-4.3480095863342285
1025,908457,COREAD,3.625345,5.798918724060059
1022,909755,COREAD,0.427439,0.517861545085907
1032,1659823,COREAD,0.642952,2.686160087585449
1007,1290769,COREAD,-2.658199,-2.910159111022949
1017,1240173,COREAD,3.70076,3.4037187099456787
1006,905961,COREAD,0.001091,1.070982575416565
1004,905961,COREAD,-5.391267,-5.434101581573486
1034,907291,COREAD,-3.596273,-4.000787258148193
1011,905962,COREAD,0.901405,3.1541974544525146
1017,909761,COREAD,5.195652,4.819404125213623
1004,908458,COREAD,-1.889468,-2.9618139266967773
1022,905962,COREAD,0.664026,0.1976865828037262
1022,907289,COREAD,2.527556,0.2495119720697403
1006,1240123,COREAD,3.127819,1.9934362173080444
1003,1660034,COREAD,-1.425613,-1.9672977924346924
1022,1659928,COREAD,0.389361,-1.1356905698776245
1012,909718,COREAD,1.249649,0.6544896960258484
1034,910569,COREAD,-2.843627,-3.2759318351745605
1032,910700,COREAD,3.080788,3.9322733879089355
1006,905989,COREAD,0.592201,0.20526358485221863
1004,909718,COREAD,-5.73858,-6.06649112701416
1017,909263,COREAD,7.275705,5.291386127471924
1032,1660035,COREAD,2.43419,2.055171489715576
1032,905939,COREAD,1.939241,2.8860220909118652
1005,905961,COREAD,4.447666,3.5744481086730957
1010,909751,COREAD,0.262197,2.074369430541992
1007,910569,COREAD,-4.749032,-5.723537921905518
1025,1240173,COREAD,4.374629,4.296838760375977
1003,909698,COREAD,-3.632296,-3.5094571113586426
1017,909751,COREAD,4.45494,4.364873886108398
1025,910554,COREAD,4.543539,5.547382831573486
1017,910905,COREAD,6.048632,4.834394931793213
1017,910554,COREAD,5.219021,4.491946697235107
1032,905961,COREAD,2.632773,1.5540605783462524
1005,905971,COREAD,3.233054,3.148571014404297
1011,1659823,COREAD,0.256859,1.6894179582595825
1025,907291,COREAD,4.157347,4.565601825714111
1003,910700,COREAD,0.503885,1.2237392663955688
1013,1290769,COREAD,5.157797,4.290119647979736
1004,1660035,COREAD,-1.592942,-0.31017541885375977
1017,907289,COREAD,4.944437,4.300327777862549
1022,909747,COREAD,2.158942,3.364387035369873
1010,1240173,COREAD,3.602171,3.210786819458008
1007,905961,COREAD,-5.47869,-5.784731864929199
1025,910689,COREAD,8.785175,8.39173698425293
1032,910905,COREAD,3.229012,2.2295081615448
1022,1240173,COREAD,-1.940141,-0.5256295204162598
1025,907795,COREAD,2.922228,4.630817890167236
1005,905937,COREAD,3.311598,3.058952808380127
1011,924108,COREAD,1.988543,1.9104245901107788
1011,907287,COREAD,1.485133,1.011966586112976
1007,905939,COREAD,-5.502029,-4.459932804107666
1034,909757,COREAD,-3.052753,-2.9363694190979004
1010,910554,COREAD,1.574836,3.6521830558776855
1022,1240124,COREAD,1.216798,0.5556560158729553
1006,924108,COREAD,3.681881,2.4413037300109863
1003,905961,COREAD,-1.044537,-2.5642664432525635
1034,905989,COREAD,-4.910237,-3.5072131156921387
1003,907291,COREAD,-3.381439,-3.233715295791626
1007,909746,COREAD,-2.580273,-2.142754316329956
1011,1290769,COREAD,0.353525,0.9644153118133545
1012,1240173,COREAD,1.083322,1.209890365600586
1025,917486,COREAD,5.722605,5.706130504608154
1013,905939,COREAD,3.337,3.6458964347839355
1007,909761,COREAD,-4.248285,-4.353988170623779
1034,1240123,COREAD,-2.615969,-2.6962478160858154
1005,909747,COREAD,7.506064,7.51256799697876
1025,909263,COREAD,4.271817,5.891838550567627
1010,905989,COREAD,2.956654,3.44342041015625
1007,907792,COREAD,-2.74792,-3.142925262451172
1013,908457,COREAD,5.572823,4.604770660400391
1011,907289,COREAD,0.251011,0.4129265546798706
1004,909757,COREAD,-4.319812,-4.661759853363037
1003,1659928,COREAD,-3.412054,-4.282543659210205
1025,907794,COREAD,5.961221,5.6217360496521
1011,908457,COREAD,1.94262,1.4458874464035034
1005,924108,COREAD,5.439774,3.538142681121826
1003,905971,COREAD,-1.265275,-2.782721757888794
1010,908457,COREAD,2.279598,2.428266763687134
1006,917486,COREAD,2.953769,3.0825862884521484
1003,1290771,COREAD,-2.68195,-2.12467098236084
1007,909751,COREAD,-5.928079,-5.790162086486816
1004,1290769,COREAD,0.106859,-1.236114740371704
1032,688031,SCLC,1.181727,1.3017957210540771
1013,1240189,SCLC,2.205108,2.2337942123413086
1004,687985,SCLC,-4.773283,-5.465630054473877
1004,753610,SCLC,-5.304301,-5.552847385406494
1017,688023,SCLC,3.433604,3.2313709259033203
1006,688010,SCLC,2.640786,2.0112226009368896
1012,713899,SCLC,0.685215,0.8537936210632324
1003,910692,SCLC,-3.479167,-4.053466320037842
1010,713880,SCLC,3.287257,3.0091679096221924
1005,688013,SCLC,-1.551348,-0.4377072751522064
1034,688014,SCLC,-2.119535,-1.9009896516799927
1013,1240192,SCLC,3.778314,3.1531476974487305
1005,1322212,SCLC,1.540165,1.5278431177139282
1004,753594,SCLC,-3.997415,-5.701396465301514
1022,1240189,SCLC,-1.098472,-0.6019712090492249
1013,688027,SCLC,1.662756,2.020278215408325
1017,907295,SCLC,3.96409,4.326691627502441
1010,753610,SCLC,3.093689,3.1329827308654785
1007,1330972,SCLC,-5.042665,-5.58132791519165
1006,753610,SCLC,-1.207954,-0.5881955623626709
1032,688018,SCLC,5.564265,1.3839373588562012
1006,753594,SCLC,2.614038,1.8240584135055542
1013,687980,SCLC,2.58203,1.490225911140442
1013,688023,SCLC,1.342193,2.039823532104492
1004,753589,SCLC,-1.957245,-2.039987325668335
1022,1330972,SCLC,-0.387032,-0.36096858978271484
1003,1240186,SCLC,1.614246,0.6982645988464355
1013,1240193,SCLC,3.434268,2.1262874603271484
1011,753610,SCLC,1.929708,0.734433650970459
1034,713899,SCLC,-4.105922,-2.7379205226898193
1013,907295,SCLC,4.162135,2.93548321723938
1011,687997,SCLC,0.177517,0.7334377765655518
1010,687983,SCLC,3.555591,3.5060644149780273
1032,753547,SCLC,0.742601,1.2011513710021973
1013,713899,SCLC,2.220923,3.097355842590332
1034,753589,SCLC,-1.359538,-1.8631614446640015
1022,753565,SCLC,0.072565,-0.38465428352355957
1003,687997,SCLC,-0.57976,0.907842218875885
1022,713899,SCLC,0.725438,-0.4841485917568207
1034,688027,SCLC,-2.110339,-3.6451146602630615
1013,713880,SCLC,1.613493,2.5574874877929688
1013,687995,SCLC,4.274794,3.240936517715454
1010,753589,SCLC,4.653827,4.180059909820557
1034,687997,SCLC,-1.184231,-2.082895278930664
1013,753565,SCLC,3.141477,3.1707675457000732
1012,1330973,SCLC,2.665008,1.6622337102890015
1006,1330973,SCLC,3.672399,4.070812702178955
1034,688021,SCLC,-1.840926,-2.5547921657562256
1007,687985,SCLC,-6.067713,-5.657195568084717
1005,753547,SCLC,3.09845,2.4861340522766113
1034,687985,SCLC,-1.673507,-3.2336525917053223
1011,687983,SCLC,2.619336,1.474542260169983
1003,688001,SCLC,-4.428952,-6.132867336273193
1007,688001,SCLC,-4.88678,-6.2611002922058105
1032,687997,SCLC,2.781033,2.7100744247436523
1004,724872,SCLC,-5.417533,-5.48582649230957
1017,688010,SCLC,4.132269,2.5178418159484863
1012,910937,SCLC,0.639588,0.5597977042198181
1003,688031,SCLC,-2.897812,-3.6617743968963623
1010,1240192,SCLC,4.218501,3.1901941299438477
1022,1240193,SCLC,-0.784598,-0.6116771101951599
1005,687985,SCLC,2.249134,1.7892978191375732
1034,688010,SCLC,-2.411733,-2.497074842453003
1012,688006,SCLC,0.470776,0.9141935706138611
1010,688025,SCLC,2.617058,3.406332015991211
1007,713880,SCLC,-5.523282,-5.654449939727783
1010,1240189,SCLC,3.494685,3.2011659145355225
1013,1240186,SCLC,5.584764,4.554593563079834
1012,906808,SCLC,0.54361,1.2584648132324219
1007,687983,SCLC,-4.403053,-4.546571731567383
1013,1322212,SCLC,1.952648,2.942220687866211
1032,753594,SCLC,1.159343,1.2850327491760254
1032,688006,SCLC,2.03659,1.3851670026779175
1003,907295,SCLC,-3.324535,-1.9144757986068726
1005,906808,SCLC,5.186171,3.3896682262420654
1034,687995,SCLC,-3.289376,-2.7834134101867676
1034,753610,SCLC,-2.047557,-2.959481954574585
1012,688014,SCLC,2.30641,0.9876086115837097
1006,1322212,SCLC,2.091019,2.606417417526245
1012,713880,SCLC,0.580137,0.9798035025596619
1006,687995,SCLC,0.485038,0.8131032586097717
1005,1298349,SCLC,4.381024,4.3486647605896
1007,908483,SCLC,-6.69954,-6.102682590484619
1032,688011,SCLC,2.392011,2.616544246673584
1013,1330972,SCLC,3.524272,3.4892795085906982
1013,688025,SCLC,2.689706,2.924567222595215
1032,753565,SCLC,0.411454,1.4501498937606812
1012,688026,SCLC,0.329591,1.2496366500854492
1032,688025,SCLC,1.503203,1.3508272171020508
1006,688023,SCLC,1.391972,2.088451623916626
1022,688013,SCLC,-1.42347,-0.43179598450660706
1011,724872,SCLC,-0.070408,0.9139161109924316
1034,724872,SCLC,-3.618836,-3.049708604812622
1003,688006,SCLC,-4.490594,-3.3386354446411133
1032,687980,SCLC,1.487749,1.1120165586471558
1003,688018,SCLC,-2.031672,-0.1722840815782547
1034,910937,SCLC,-3.169265,-4.101836681365967
1005,688021,SCLC,4.353985,4.836390972137451
1010,753594,SCLC,2.959707,3.0124590396881104
1005,910692,SCLC,2.146086,2.037257194519043
1022,1330973,SCLC,1.901612,0.5870497822761536
1032,713878,SCLC,1.613554,1.705501675605774
1032,908125,SKCM,3.791848,3.4057655334472656
1004,1299078,SKCM,-4.288157,-4.182613849639893
1022,906793,SKCM,-0.071437,-0.3937838077545166
1005,1240226,SKCM,6.170573,3.4466774463653564
1007,909723,SKCM,-0.93707,-1.9375641345977783
1017,906830,SKCM,5.21932,4.4371113777160645
1012,909713,SKCM,1.478112,1.483836054801941
1017,907169,SKCM,4.625979,4.263431072235107
1003,1240153,SKCM,-3.347173,-2.347170352935791
1010,907169,SKCM,3.572704,3.345850944519043
1017,908128,SKCM,5.454249,4.817737102508545
1032,909723,SKCM,3.514134,4.164832592010498
1011,905974,SKCM,1.836413,1.9497493505477905
1005,907172,SKCM,2.965819,3.1693320274353027
1032,906814,SKCM,1.708086,2.419616222381592
1005,1299081,SKCM,1.824026,1.8893386125564575
1017,906793,SKCM,3.553531,3.4678149223327637
1003,905975,SKCM,-2.95937,-3.2744319438934326
1034,907058,SKCM,-1.848231,-2.171478271484375
1032,1240130,SKCM,1.925708,2.4174041748046875
1034,907172,SKCM,-2.863604,-3.0006065368652344
1022,1299081,SKCM,-1.256878,-0.5579753518104553
1007,907058,SKCM,-4.864976,-4.43604040145874
1012,906830,SKCM,3.622254,1.819844365119934
1003,907172,SKCM,-2.312575,-2.4955015182495117
1017,908125,SKCM,5.919899,4.876610279083252
1034,910903,SKCM,-5.791601,-5.055514812469482
1017,905955,SKCM,4.914283,4.315680027008057
1006,906792,SKCM,0.168482,-0.199345663189888
1004,910921,SKCM,-3.979771,-4.2734832763671875
1011,907172,SKCM,2.87011,1.8175199031829834
1003,905974,SKCM,-3.285912,-3.4403648376464844
1022,910921,SKCM,0.261929,-0.11847776174545288
1010,909784,SKCM,4.183201,3.9410109519958496
1003,905976,SKCM,-3.641147,-1.853704571723938
1005,910932,SKCM,3.699077,3.3735780715942383
1012,908125,SKCM,2.528524,2.5557785034179688
1010,908125,SKCM,4.310344,4.243130683898926
1011,909713,SKCM,3.18344,3.213487148284912
1011,687448,SKCM,7.179446,3.7097818851470947
1005,908125,SKCM,4.431498,4.0923919677734375
1010,910853,SKCM,2.072863,3.4290921688079834
1012,910853,SKCM,1.272904,1.3931862115859985
1032,905955,SKCM,1.896837,2.5164051055908203
1005,687448,SKCM,6.154472,4.437109470367432
1034,905975,SKCM,-2.695639,-2.6055727005004883
1013,909725,SKCM,3.983855,3.722177743911743
1007,905977,SKCM,-2.767759,-2.3809618949890137
1006,906865,SKCM,1.164936,2.258586883544922
1013,910853,SKCM,4.241768,2.839785099029541
1032,1240153,SKCM,2.905435,2.192868232727051
1017,905977,SKCM,5.281551,4.793830871582031
1005,905974,SKCM,2.014327,2.667107343673706
1017,906818,SKCM,5.287958,4.373678207397461
1006,910903,SKCM,0.178046,0.3024948239326477
1034,908128,SKCM,-1.18694,-2.1611509323120117
1003,908125,SKCM,0.292833,-1.517612338066101
1022,907058,SKCM,1.644989,0.46330001950263977
1012,905976,SKCM,1.687812,1.9339497089385986
1012,907058,SKCM,1.333291,1.5645639896392822
1034,910921,SKCM,-3.17528,-3.025771141052246
1013,906830,SKCM,4.379581,3.0828857421875
1010,906818,SKCM,3.528415,3.7286529541015625
1006,1299080,SKCM,0.031975,1.0756053924560547
1022,907067,SKCM,1.111681,0.7519116997718811
1011,909723,SKCM,5.043138,3.1505823135375977
1006,906830,SKCM,-1.451073,1.5343666076660156
1012,905977,SKCM,1.663446,2.482595920562744
1012,905955,SKCM,0.938311,1.4987658262252808
1022,905955,SKCM,-0.062645,0.9326626062393188
1010,907172,SKCM,4.419901,3.6515450477600098
1017,905974,SKCM,3.178064,3.8034839630126953
1005,907067,SKCM,3.362292,3.3514106273651123
1032,910853,SKCM,0.712185,2.216010093688965
1017,905976,SKCM,4.764015,4.181718349456787
1005,909725,SKCM,3.240777,3.682368755340576
1003,906818,SKCM,-2.260701,-2.0449094772338867
1032,909784,SKCM,2.86439,2.894827127456665
1017,909713,SKCM,5.628865,4.364517688751221
1004,906793,SKCM,-4.931828,-4.749568462371826
1010,905975,SKCM,3.71244,3.3577425479888916
1005,753614,ESCA,2.019152,4.485584735870361
1022,1503363,ESCA,0.431155,0.2747645974159241
1017,907317,ESCA,4.187672,4.275071620941162
1013,1503363,ESCA,-0.011539,3.0047669410705566
1005,1503371,ESCA,4.694938,3.025660991668701
1034,946355,ESCA,-3.767476,-3.2904255390167236
1010,1240167,ESCA,1.327739,2.2697386741638184
1022,1503368,ESCA,0.638316,1.565724492073059
1005,753575,ESCA,7.460947,5.207905292510986
1010,735784,ESCA,3.997898,2.9897146224975586
1032,906817,ESCA,3.600672,1.9348748922348022
1010,1503361,ESCA,3.604093,3.560577154159546
1011,907318,ESCA,1.573373,2.4561455249786377
1012,1298359,ESCA,2.806391,1.7787185907363892
1003,753576,ESCA,1.916677,0.4043233394622803
1012,946355,ESCA,1.771583,1.9648443460464478
1032,1503365,ESCA,1.252918,1.1163512468338013
1005,753555,ESCA,3.154215,2.7711281776428223
1010,907319,ESCA,1.102607,2.584817409515381
1007,907318,ESCA,-6.022564,-5.752292156219482
1003,753614,ESCA,-4.069639,-2.0268242359161377
1011,907320,ESCA,3.54034,2.7225983142852783
1011,1503368,ESCA,2.254633,0.6545205116271973
1022,753555,ESCA,0.562376,-0.3814956843852997
1034,753614,ESCA,-3.506341,-3.453528881072998
1003,753575,ESCA,2.169185,0.40670615434646606
1006,946355,ESCA,4.275616,1.9064714908599854
1022,753576,ESCA,1.048247,0.7977652549743652
1034,946353,ESCA,-2.996868,-4.1813836097717285
1032,910079,ESCA,-3.377473,-0.6236879825592041
1032,946355,ESCA,-2.432259,-0.7119242548942566
1017,753623,ESCA,4.345657,4.057952404022217
1010,1503363,ESCA,1.499885,3.5078821182250977
1013,907320,ESCA,4.775604,3.453558921813965
1013,753623,ESCA,3.386648,3.0430006980895996
1032,907318,ESCA,1.011216,0.4131670594215393
1007,735784,ESCA,-4.549588,-4.395369052886963
1022,1299064,ESCA,-0.170947,-0.30967602133750916
1003,946353,ESCA,-1.819749,-3.246276617050171
1022,753574,ESCA,1.037621,0.5461854934692383
1012,753576,ESCA,1.788635,2.492513656616211
1034,907317,ESCA,-2.754023,-3.8724515438079834
1007,907319,ESCA,-4.634423,-4.805299282073975
1032,907321,ESCA,0.689289,0.5289083123207092
1007,1240167,ESCA,-7.002719,-5.683107852935791
1003,907318,ESCA,-1.458124,-2.9324610233306885
1005,1298359,ESCA,3.126037,3.046008348464966
1003,946355,ESCA,0.756867,-2.256782054901123
1007,753575,ESCA,-3.54184,-3.667966842651367
1006,907319,ESCA,1.577124,2.101682662963867
1032,753555,ESCA,-3.095542,0.3515310287475586
1012,1503367,ESCA,1.619255,1.9941481351852417
1004,907317,ESCA,-4.923514,-5.353745460510254
1012,910079,ESCA,0.906525,1.9276753664016724
1006,946353,ESCA,2.624073,1.8653311729431152
1011,753555,ESCA,4.75424,2.4080612659454346
1010,907318,ESCA,1.833683,1.141876220703125
1017,907319,ESCA,3.748577,4.228673934936523
1011,735784,ESCA,3.648026,3.6748437881469727
1032,1503362,ESCA,1.104481,1.7424155473709106
1017,1503365,ESCA,6.860177,5.353141784667969
1006,753623,ESCA,1.821453,2.785353183746338
1007,753576,ESCA,-3.04501,-3.5328917503356934
1022,907318,ESCA,-1.014508,-0.2736893892288208
1003,907320,ESCA,-1.093072,-2.65193510055542
1034,753623,ESCA,-4.721296,-4.41550350189209
1012,907318,ESCA,2.181085,1.4763693809509277
1005,1503368,ESCA,5.313557,5.002388000488281
1006,753575,ESCA,6.227733,3.6182327270507812
1013,910079,ESCA,4.971803,4.318243026733398
1005,946355,ESCA,4.283046,3.2660160064697266
1010,1503366,ESCA,3.315422,2.654263496398926
1017,753573,ESCA,4.916283,4.0242743492126465
1032,753621,ESCA,1.76411,1.4322036504745483
1005,1299064,ESCA,3.657578,2.486333131790161
1022,910915,PAAD,0.435776,1.8282839059829712
1007,907285,PAAD,-4.145003,-3.5068562030792236
1012,1298475,PAAD,1.727712,2.3066248893737793
1013,1298475,PAAD,3.909676,4.274247169494629
1006,925348,PAAD,2.520943,2.9831795692443848
1010,753572,PAAD,3.907907,3.533567190170288
1013,753572,PAAD,4.420998,3.157276153564453
1005,1290797,PAAD,3.023393,3.5344932079315186
1032,910702,PAAD,3.812228,3.6622939109802246
1003,906821,PAAD,-3.486215,-2.2350664138793945
1007,925348,PAAD,-3.533537,-3.340975522994995
1032,925346,PAAD,1.640546,2.1166181564331055
1011,724870,PAAD,2.18973,2.482757806777954
1005,906693,PAAD,4.01431,3.651369571685791
1017,724869,PAAD,6.084459,5.209374904632568
1007,1240201,PAAD,-4.563271,-4.284568786621094
1006,909904,PAAD,1.911417,3.158304214477539
1034,1240218,PAAD,-1.130512,-1.0148109197616577
1006,910907,PAAD,3.42387,3.8964192867279053
1013,1298476,PAAD,6.498957,6.081901550292969
1005,1298216,PAAD,3.607,3.520195245742798
1007,909904,PAAD,-2.445342,-2.9914402961730957
1010,1290797,PAAD,2.434066,2.564692497253418
1017,910907,PAAD,5.214007,5.302770137786865
1022,906693,PAAD,-0.596284,0.08050022274255753
1012,1298141,PAAD,2.064442,2.813507556915283
1010,1298141,PAAD,4.471106,4.589531421661377
1010,1298526,PAAD,4.450928,4.559591770172119
1006,1240219,PAAD,2.080853,3.268552303314209
1006,1290797,PAAD,0.359562,2.8730945587158203
1012,724870,PAAD,1.120916,1.3514759540557861
1003,906693,PAAD,-1.452904,-2.340630531311035
1007,907286,PAAD,-3.756293,-4.116876125335693
1007,724870,PAAD,-3.9591,-4.998467445373535
1022,907285,PAAD,-0.304203,0.718658983707428
1003,1240208,PAAD,-3.009924,-3.2335283756256104
1034,906821,PAAD,-2.011687,-3.398054361343384
1010,925347,PAAD,4.216739,4.546257495880127
1013,1298533,PAAD,3.54219,3.920201539993286
1034,910915,PAAD,-1.194574,-1.06979238986969
1017,910915,PAAD,5.39898,5.611518859863281
1032,910915,PAAD,1.76454,3.4537787437438965
1003,910907,PAAD,-0.811421,0.13248129189014435
1005,910546,PAAD,0.870514,3.227396011352539
1003,1240218,PAAD,2.435656,0.39856117963790894
1005,907286,PAAD,1.53998,3.6109209060668945
1010,1298218,PAAD,4.659729,2.572445869445801
1011,1240218,PAAD,1.778529,4.745829105377197
1010,724870,PAAD,3.617427,3.6095268726348877
1004,910915,PAAD,1.223064,1.794256329536438
1007,910907,PAAD,-1.39301,-2.9885993003845215
1011,724869,PAAD,-0.407638,1.6204637289047241
1007,1298216,PAAD,-4.434431,-4.79215669631958
1010,1298533,PAAD,2.350919,3.768756151199341
1017,1298475,PAAD,5.571554,4.754087448120117
1032,1240201,PAAD,2.080949,2.8020620346069336
1007,906693,PAAD,-3.997042,-4.642548084259033
1017,925347,PAAD,4.967811,5.61051607131958
1003,925346,PAAD,-1.74251,-1.8617281913757324
1003,907285,PAAD,-0.960316,-0.9764472842216492
1022,753624,PAAD,0.883211,-0.03533155471086502
1013,1240219,PAAD,6.31154,5.256638050079346
1011,925347,PAAD,3.512263,2.64654278755188
1011,907285,PAAD,3.972831,2.495907783508301
1034,910702,PAAD,-0.865448,-0.8566004633903503
1007,910546,PAAD,-3.713021,-4.98895788192749
1032,1240208,PAAD,3.933972,2.63533616065979
1011,910907,PAAD,5.378023,4.038512706756592
1012,1298136,PAAD,3.056734,3.3016319274902344
1017,910702,PAAD,7.247079,5.653473854064941
1034,907286,PAAD,-3.946656,-2.5227537155151367
1013,910702,PAAD,4.101718,5.662333965301514
1032,1298218,PAAD,2.592621,1.427466630935669
1022,1240219,PAAD,1.506106,2.2037668228149414
1006,753538,HNSC,2.258625,1.708567500114441
1005,906837,HNSC,2.769084,2.3838987350463867
1012,1240122,HNSC,0.412218,1.9644379615783691
1011,910904,HNSC,1.343857,3.4870269298553467
1012,907062,HNSC,2.345319,1.6477762460708618
1006,909709,HNSC,2.993304,3.0247931480407715
1003,909709,HNSC,-0.594718,-0.8542395234107971
1007,906837,HNSC,-6.590403,-5.923727035522461
1034,907061,HNSC,-5.698678,-4.562297344207764
1022,1299052,HNSC,0.837297,0.760194718837738
1010,907061,HNSC,0.944409,2.463909864425659
1022,907062,HNSC,-0.346695,-0.2566245496273041
1003,753562,HNSC,-4.417918,-3.5118918418884277
1010,910936,HNSC,-1.250587,0.19997654855251312
1017,909708,HNSC,5.1217,3.535789966583252
1011,909708,HNSC,2.281124,2.4426498413085938
1005,910904,HNSC,2.967847,4.019148826599121
1007,1240122,HNSC,-4.111517,-4.683984279632568
1006,924111,HNSC,2.011487,1.2837451696395874
1013,1240196,HNSC,4.967603,3.7223381996154785
1003,906837,HNSC,-2.760316,-3.6238553524017334
1006,909708,HNSC,-0.649539,-0.046469323337078094
1011,753583,HNSC,2.229912,1.9713698625564575
1032,1299050,HNSC,-1.939067,-0.033757876604795456
1005,1240196,HNSC,3.349321,3.8595452308654785
1011,1299050,HNSC,4.159153,1.6105421781539917
1012,1299050,HNSC,2.101041,2.2157340049743652
1006,906837,HNSC,0.883121,0.959578812122345
1017,906863,HNSC,5.057255,3.9751369953155518
1013,907062,HNSC,3.773601,3.1258978843688965
1007,753532,HNSC,-7.153982,-6.193933963775635
1003,1240122,HNSC,-1.481129,-1.6387680768966675
1032,1299059,HNSC,1.792788,1.4812973737716675
1006,910911,HNSC,1.969448,2.23293399810791
1006,1299050,HNSC,3.237776,3.1424410343170166
1013,1240122,HNSC,5.216648,3.8194780349731445
1012,1298529,HNSC,2.76254,2.0450408458709717
1032,924111,HNSC,0.309471,0.8016530275344849
1011,753538,HNSC,1.676165,1.9357093572616577
1034,910916,HNSC,-2.665795,-4.08626651763916
1032,910916,HNSC,-1.732257,0.13962535560131073
1022,1299059,HNSC,0.13125,0.004264699295163155
1006,910916,HNSC,2.224031,1.4690866470336914
1007,906863,HNSC,-3.915719,-5.608078479766846
1012,753562,HNSC,1.674985,1.1587234735488892
1007,753538,HNSC,-5.817019,-6.233967304229736
1013,1299059,HNSC,2.857634,3.849484920501709
1034,906863,HNSC,-2.853854,-3.433051109313965
1034,907062,HNSC,-2.552949,-3.7478694915771484
1032,909709,HNSC,-0.359953,1.2244657278060913
1007,1298529,HNSC,-3.039169,-4.637355327606201
1003,910904,HNSC,-2.203023,-1.4751046895980835
1004,753532,HNSC,-4.743977,-5.34119176864624
1007,910936,HNSC,-5.497068,-5.743771076202393
1034,1290724,HNSC,-4.764436,-5.1513991355896
1012,753541,HNSC,2.404288,1.2682784795761108
1004,753541,HNSC,-5.524044,-5.668395519256592
1022,753541,HNSC,0.421012,-0.5114927291870117
1010,753538,HNSC,-0.08245,1.0463266372680664
1034,1240162,HNSC,-2.305164,-3.3943896293640137
1005,753583,HNSC,6.196044,4.746289253234863
1017,910916,HNSC,2.860408,3.946713447570801
1034,1240196,HNSC,-2.253413,-4.04282283782959
1010,753532,HNSC,2.387989,3.5549674034118652
1007,753541,HNSC,-6.060866,-6.454421520233154
1012,753561,HNSC,1.072374,1.4958127737045288
1006,910904,HNSC,2.849323,2.805532693862915
1007,1240121,HNSC,-6.438811,-6.141520977020264
1007,1480362,OV,-2.306478,-2.6513454914093018
1007,911905,OV,-3.112246,-2.266113519668579
1006,905990,OV,4.358612,4.071503639221191
1010,905991,OV,2.459904,3.073760986328125
1010,909257,OV,2.038852,2.164935350418091
1017,1479988,OV,4.184526,4.234085559844971
1017,1240200,OV,5.58019,4.975304126739502
1006,911905,OV,4.07785,4.881160736083984
1022,910548,OV,0.82957,1.1085562705993652
1011,905969,OV,2.058779,3.5617318153381348
1006,1240200,OV,0.775668,2.9949605464935303
1022,1480372,OV,1.78525,0.644259512424469
1005,909753,OV,5.454359,5.466669082641602
1006,1240129,OV,4.915675,3.982130527496338
1032,1240197,OV,3.388581,3.646885395050049
1034,1240200,OV,-2.923658,-2.0774126052856445
1013,1240197,OV,3.248291,4.152904033660889
1006,1240198,OV,3.731875,3.4488062858581543
1006,1240222,OV,0.904088,1.9788120985031128
1010,1240197,OV,4.979387,4.438809871673584
1034,909257,OV,-3.684338,-4.020998477935791
1032,1480364,OV,-1.817914,-1.9314303398132324
1017,1298365,OV,5.662251,4.66909646987915
1006,1299070,OV,-0.676824,0.6644720435142517
1005,1480362,OV,3.948662,5.111832141876221
1017,1480372,OV,6.046139,4.750224590301514
1003,1298365,OV,0.034577,-1.2471786737442017
1010,1479987,OV,3.343803,3.4423913955688477
1003,949090,OV,-2.803711,0.06854397058486938
1011,946360,OV,-0.578024,2.891052722930908
1012,1240129,OV,2.193011,2.6604702472686768
1012,905959,OV,2.671352,2.7941999435424805
1005,910548,OV,1.047814,3.777263641357422
1032,1240199,OV,2.983873,2.6032986640930176
1012,910548,OV,2.343198,2.492316722869873
1017,905991,OV,3.062811,3.2305445671081543
1003,1240129,OV,1.994484,-0.6212916970252991
1004,905959,OV,-2.147821,-2.190249443054199
1017,1479987,OV,4.077649,4.025638103485107
1034,1240222,OV,-6.139605,-3.2101147174835205
1004,905969,OV,-1.600652,-1.7408459186553955
1011,1240129,OV,2.300548,2.403839349746704
1007,1479988,OV,-4.799706,-4.819463729858398
1034,1240199,OV,-1.121369,-1.1042802333831787
1011,1240197,OV,1.721841,2.4195821285247803
1013,1480362,OV,4.642386,4.785130023956299
1013,949090,OV,4.05794,3.755276679992676
1007,946360,OV,-3.47803,-3.3463704586029053
1007,1299070,OV,-4.936539,-5.565201282501221
1013,1240222,OV,4.451921,3.2836694717407227
1034,1240198,OV,-1.46148,-3.132819652557373
1022,1480362,OV,1.790321,1.5731090307235718
1034,905969,OV,-2.110181,-2.837397336959839
1022,909257,OV,-0.436673,-0.5589573979377747
1011,949090,OV,2.423366,1.7382643222808838
1007,1240200,OV,-3.926641,-3.3174545764923096
1013,1479987,OV,1.458147,3.3981213569641113
1003,905990,OV,1.164653,0.15462158620357513
1012,905990,OV,3.269545,2.65596866607666
1011,1480372,OV,3.416611,2.425243377685547
1005,905933,OV,4.840218,3.553297281265259
1017,1299070,OV,3.296788,3.2613332271575928
1017,905959,OV,6.260071,5.249355316162109
1003,911905,OV,0.796873,0.6699249148368835
1007,1240170,GBM,-5.110318,-4.485517978668213
1007,906839,GBM,-3.67161,-4.374475002288818
1006,687588,GBM,0.36527,2.4232311248779297
1010,905983,GBM,4.272969,4.0877156257629395
1010,905986,GBM,3.353445,3.896146297454834
1022,687563,GBM,-0.1688,-0.26918619871139526
1017,949094,GBM,3.846438,4.204362392425537
1006,906835,GBM,3.875349,5.003398418426514
1022,909745,GBM,-0.688815,0.5435426831245422
1011,687590,GBM,4.121084,2.838430404663086
1006,910933,GBM,0.53348,1.4671484231948853
1032,687590,GBM,3.954576,2.6857075691223145
1005,905986,GBM,2.369926,4.105053901672363
1006,909729,GBM,2.681809,3.103847026824951
1032,910694,GBM,4.701216,3.0345938205718994
1034,1240169,GBM,-1.506439,-3.1680407524108887
1013,910933,GBM,3.662386,3.1955535411834717
1006,909905,GBM,0.452036,2.081944465637207
1006,910943,GBM,3.83877,3.592564105987549
1010,909905,GBM,3.699526,3.6852426528930664
1034,909729,GBM,-4.437808,-4.645345211029053
1034,687561,GBM,-6.297467,-5.049357891082764
1017,1240169,GBM,4.874551,4.6939849853515625
1006,946370,GBM,2.007059,3.1832127571105957
1005,1240169,GBM,6.129558,4.830106735229492
1022,687588,GBM,0.831067,0.16885408759117126
1003,910933,GBM,-4.393419,-3.028191089630127
1010,1240168,GBM,3.798069,3.6948323249816895
1003,906839,GBM,1.312427,-1.2559560537338257
1011,909729,GBM,3.022759,2.7614927291870117
1012,909905,GBM,1.626968,1.6880308389663696
1012,687586,GBM,2.400567,1.9101499319076538
1005,906746,GBM,3.795474,4.316405296325684
1034,687590,GBM,-1.592331,-3.204854965209961
1012,906839,GBM,2.11091,2.1584701538085938
1017,906835,GBM,6.893261,5.973063945770264
1003,906873,GBM,-4.526351,-1.4049054384231567
1004,687562,GBM,-5.089951,-5.580912113189697
1022,687562,GBM,-1.574874,-0.5843608975410461
1034,1240170,GBM,-3.902342,-3.785374164581299
1004,687568,GBM,-2.185334,-3.277820110321045
1011,909905,GBM,4.822834,2.093451499938965
1007,1240169,GBM,-3.680385,-3.4680042266845703
1034,1240168,GBM,-3.811367,-4.5660176277160645
1011,910694,GBM,1.636735,2.5824012756347656
1017,687563,GBM,2.75947,3.9944119453430176
1013,909905,GBM,3.09066,3.1833512783050537
1007,907313,GBM,-2.965834,-3.7243566513061523
1007,949094,GBM,-5.958216,-5.022435665130615
1013,949094,GBM,4.421203,3.3758583068847656
1034,949094,GBM,-4.818882,-4.768011093139648
1032,687586,GBM,2.715805,2.413024663925171
1034,906835,GBM,0.456566,-0.9335681796073914
1022,907313,GBM,0.975612,1.1445355415344238
1011,909745,GBM,1.361645,2.7918074131011963
1007,910943,GBM,-2.489224,-4.514741897583008
1017,687561,GBM,3.210166,3.642700433731079
1003,687586,GBM,-2.376573,-2.029740810394287
1012,905983,GBM,2.032504,2.1913208961486816
1012,687563,GBM,1.08074,1.5865081548690796
1005,687562,GBM,1.885695,1.640142798423767
1022,687561,GBM,-1.033307,-0.22483019530773163
1017,687590,GBM,4.450959,4.318112373352051
1003,906746,GBM,-2.705066,-1.6838475465774536
1006,910944,ALL,-3.030358,-2.976900577545166
1005,909251,ALL,-0.09341,0.6728865504264832
1005,1295740,ALL,2.217426,1.0176926851272583
1034,1247871,ALL,-3.676418,-4.007660388946533
1012,909251,ALL,-0.761205,0.16162993013858795
1005,909252,ALL,0.431929,0.6998381018638611
1011,1297446,ALL,-1.59938,-1.602491021156311
1012,909743,ALL,0.400021,0.2777339518070221
1017,909743,ALL,3.168521,2.4467334747314453
1006,1297446,ALL,-1.786259,-2.968486785888672
1034,949153,ALL,-3.828333,-3.612156391143799
1013,905952,ALL,0.899631,1.4721229076385498
1032,909260,ALL,1.066921,1.3851635456085205
1022,907789,ALL,-1.61816,-1.0454754829406738
1032,1297446,ALL,0.973967,1.0654109716415405
1017,909260,ALL,4.729391,2.5718307495117188
1012,907272,ALL,-0.436618,0.24324040114879608
1006,908146,ALL,-1.259741,-3.0284836292266846
1017,910687,ALL,3.784364,2.4077577590942383
1003,946358,ALL,-4.794935,-4.782047271728516
1013,1297446,ALL,1.715831,1.1827982664108276
1003,909252,ALL,-4.307305,-5.0604119300842285
1010,906877,ALL,3.755411,2.7759881019592285
1013,909702,ALL,1.731649,1.8514769077301025
1011,906877,ALL,2.822337,-0.31492871046066284
1005,906877,ALL,1.535351,1.7117897272109985
1012,998184,ALL,0.015125,0.19898517429828644
1034,907787,ALL,-4.255214,-3.871424674987793
1012,909703,ALL,-0.294893,0.27056169509887695
1003,909260,ALL,-4.327046,-4.862725734710693
1013,909260,ALL,1.618214,2.0391669273376465
1004,906877,ALL,-5.033246,-5.883240699768066
1013,946358,ALL,3.131621,2.823777914047241
1004,907277,ALL,-6.22594,-6.286427974700928
1011,910944,ALL,-4.364236,-1.2008627653121948
1007,908147,ALL,-6.244886,-6.032398700714111
1034,998184,ALL,-4.492171,-3.8408210277557373
1006,905958,ALL,-2.543156,-2.7348766326904297
1017,910944,ALL,2.303883,2.413825511932373
1010,946358,ALL,2.754918,3.09601092338562
1011,998184,ALL,0.731374,-0.7005853056907654
1012,1247871,ALL,0.264767,0.27341392636299133
1011,1295740,ALL,-2.631158,-1.6165703535079956
1006,910687,ALL,-2.021013,-2.510953426361084
1017,949153,ALL,3.779591,2.0798072814941406
1013,908146,ALL,1.716968,1.3564928770065308
1007,907272,ALL,-4.261878,-5.777119159698486
1017,908146,ALL,3.910564,2.824471950531006
1003,907272,ALL,-1.79544,-3.660959243774414
1034,946358,ALL,-3.387135,-2.962498664855957
1006,909702,ALL,-3.944295,-3.0601577758789062
1011,907787,ALL,-2.921973,-1.551024079322815
1011,946358,ALL,0.695521,1.2288144826889038
1003,908147,ALL,-5.406316,-5.1921706199646
1006,946358,ALL,-0.080145,-1.4752503633499146
1003,910687,ALL,-4.589586,-4.921073913574219
1010,907789,ALL,2.480842,2.6212239265441895
1017,907277,ALL,2.85441,1.9506213665008545
1003,905952,ALL,-4.928022,-5.022243022918701
1034,909703,ALL,-4.194622,-3.576897144317627
1006,907787,ALL,-2.716237,-3.288918972015381
1032,905952,ALL,0.66688,1.0302683115005493
1011,688086,NB,-0.59097,-0.30869346857070923
1022,753618,NB,-2.703199,-0.8508092761039734
1005,753618,NB,1.246166,1.2497755289077759
1034,949171,NB,-1.555675,-3.2489848136901855
1022,910780,NB,-0.068046,-0.43314313888549805
1022,949171,NB,-0.045966,-0.5607591867446899
1032,949172,NB,1.575866,2.0001420974731445
1005,949171,NB,1.391532,1.473124623298645
1004,753616,NB,-4.120573,-3.3563880920410156
1010,906820,NB,2.511903,2.9509406089782715
1007,949174,NB,-3.432138,-4.29237699508667
1010,717431,NB,4.037953,3.5017576217651367
1003,907314,NB,-3.712882,-4.184253215789795
1013,753616,NB,4.345756,3.9019012451171875
1007,949171,NB,-5.460986,-5.712899684906006
1013,724828,NB,3.851233,2.8898282051086426
1034,949178,NB,-3.504653,-3.3820416927337646
1010,908440,NB,1.225599,2.87876558303833
1032,910780,NB,2.192604,1.1137638092041016
1006,753616,NB,1.805812,1.34626305103302
1007,908447,NB,-4.817664,-4.491530418395996
1003,908440,NB,-4.989476,-4.134140968322754
1011,688087,NB,2.47517,1.218910813331604
1003,949174,NB,-2.24858,-2.126216173171997
1034,907170,NB,-3.627913,-3.406491756439209
1017,949177,NB,3.054555,2.5370216369628906
1034,1240181,NB,-2.680047,-2.873495578765869
1022,688086,NB,-0.914936,-0.7988161444664001
1012,949179,NB,0.990466,1.4696733951568604
1017,908447,NB,5.021936,3.421614408493042
1022,907314,NB,-2.059528,0.0012228824198246002
1022,753620,NB,-1.682685,-0.4214988946914673
1006,949171,NB,-1.1118,-0.2766039967536926
1006,949179,NB,4.40436,2.569181442260742
1012,908447,NB,0.533533,1.2028275728225708
1012,908440,NB,-0.131895,0.8050397038459778
1017,906872,NB,5.312186,4.280211448669434
1011,906872,NB,4.008219,2.2918882369995117
1006,949177,NB,1.004297,0.855885922908783
1013,753618,NB,3.011984,1.8781994581222534
1003,753616,NB,-2.616148,-3.5327706336975098
1013,906875,NB,4.528337,2.6505286693573
1012,949172,NB,1.01719,1.3855839967727661
1022,949172,NB,2.100587,-0.038123659789562225
1034,908440,NB,-4.626794,-3.8019893169403076
1003,949171,NB,-4.837187,-4.31344747543335
1006,688087,NB,1.967476,2.3772292137145996
1022,908440,NB,-0.667197,-0.48804014921188354
1005,908440,NB,1.715171,1.392996907234192
1006,1240181,NB,1.883611,2.3845837116241455
1012,907314,NB,0.670152,1.129473090171814
1032,717431,NB,2.375647,2.3927276134490967
1011,949179,NB,2.681603,2.0078699588775635
1005,908447,NB,1.517983,2.4252822399139404
1012,1240181,NB,0.722419,0.6511108875274658
1017,753618,NB,2.364894,2.3328816890716553
1013,906820,NB,3.141871,2.456385612487793
1011,949172,NB,-1.890759,1.603743076324463
1011,908447,NB,-1.692587,0.5908435583114624
1017,949178,NB,2.697085,2.515073299407959
1010,1240209,STAD,2.417635,3.276538848876953
1032,1503364,STAD,-5.257743,0.1374596804380417
1012,910924,STAD,0.866942,1.0857954025268555
1005,1240209,STAD,3.962178,3.8301937580108643
1007,1290806,STAD,-2.979709,-3.185297966003418
1004,908139,STAD,-5.011051,-2.522862195968628
1006,1503364,STAD,1.855098,2.2656710147857666
1017,908455,STAD,4.144157,3.5678842067718506
1006,1240155,STAD,3.935988,2.843522787094116
1022,906790,STAD,0.024323,-0.4504625201225281
1006,1298357,STAD,5.64406,4.4635491371154785
1003,909770,STAD,-2.441686,-3.002363443374634
1012,1240151,STAD,0.711293,2.203552484512329
1012,907055,STAD,1.060173,0.81849604845047
1003,910924,STAD,-3.276945,-3.1290035247802734
1003,1290806,STAD,-1.724271,-2.126631498336792
1034,1290806,STAD,-2.134433,-1.6916182041168213
1005,925340,STAD,3.68704,3.4977805614471436
1022,1240155,STAD,1.344915,1.1061642169952393
1017,907276,STAD,4.799509,5.483196258544922
1010,908139,STAD,3.474231,3.844214916229248
1010,910924,STAD,1.917081,2.230100631713867
1007,909697,STAD,-5.236715,-5.392672061920166
1034,908455,STAD,-4.152621,-4.133987903594971
1022,906869,STAD,0.953867,0.05824371427297592
1006,1322224,STAD,-1.959491,-1.073555827140808
1011,909697,STAD,-0.943302,2.4608936309814453
1017,906790,STAD,3.45723,3.5474956035614014
1005,908444,STAD,2.35968,2.1149613857269287
1022,907055,STAD,-0.438459,-0.456778347492218
1011,1503364,STAD,-1.258523,1.3767141103744507
1007,924250,STAD,-1.092466,-2.380080223083496
1013,906790,STAD,2.19509,2.2305331230163574
1013,908139,STAD,4.068999,4.156276226043701
1010,908455,STAD,0.574045,2.8151776790618896
1032,908461,STAD,-5.065411,0.7932873964309692
1022,908455,STAD,0.550387,-0.49767380952835083
1034,1240155,STAD,-3.118415,-2.2166247367858887
1022,908444,STAD,-0.056516,-0.4838699698448181
1012,1503364,STAD,1.091736,1.3971010446548462
1011,908461,STAD,2.227113,1.4874769449234009
1034,906869,STAD,-2.065336,-2.8695573806762695
1034,910924,STAD,-4.08997,-3.766240119934082
1034,925340,STAD,-1.407726,-2.6887149810791016
1013,907055,STAD,1.928582,2.258571147918701
1010,908444,STAD,3.267915,3.167607307434082
1006,1298358,STAD,1.142206,2.3487915992736816
1012,1298358,STAD,1.490276,1.4299498796463013
1011,1290806,STAD,2.791826,2.0640416145324707
1007,908446,STAD,-6.662677,-6.137373447418213
1022,925340,STAD,-1.215645,0.24322755634784698
1012,908455,STAD,1.786526,1.3209691047668457
1004,1240155,STAD,-4.985975,-3.362250328063965
1005,910924,STAD,3.985785,2.854849338531494
1012,1322224,STAD,0.396451,0.47019869089126587
1013,1298358,STAD,4.576481,3.638965129852295
1010,907055,STAD,3.00705,2.7382936477661133
1003,908139,STAD,1.186429,-0.5821269154548645
1003,1240209,STAD,-1.673625,-0.698631227016449
1034,907274,DLBC,-5.896206,-2.0271825790405273
1022,907274,DLBC,-1.051152,-0.19716544449329376
1007,1330995,DLBC,-3.747182,-5.176854610443115
1007,1331048,DLBC,-5.109381,-5.7093186378479
1032,907274,DLBC,1.585821,1.569804310798645
1003,910919,DLBC,-4.090036,-4.289474010467529
1007,1331038,DLBC,-3.467121,-5.502131938934326
1004,910935,DLBC,-5.716633,-6.474364757537842
1013,1331038,DLBC,1.487773,1.7591807842254639
1034,910930,DLBC,-3.088747,-4.401272296905518
1032,1331050,DLBC,0.845182,1.108502984046936
1011,1303897,DLBC,-2.725238,1.478511929512024
1017,907274,DLBC,4.879798,3.8331611156463623
1004,1331036,DLBC,-6.585774,-6.512141704559326
1022,1331038,DLBC,-1.461028,-1.4404730796813965
1032,909773,DLBC,2.200839,1.015034794807434
1010,1331036,DLBC,1.148283,2.68636417388916
1006,1330995,DLBC,1.229446,1.9949859380722046
1032,910935,DLBC,0.515512,0.7668660283088684
1010,1330995,DLBC,3.361325,2.897696018218994
1010,1331048,DLBC,3.073286,2.6119565963745117
1011,907274,DLBC,0.948093,1.1626620292663574
1005,910930,DLBC,-1.222983,0.8051300048828125
1010,909773,DLBC,2.23496,2.462111711502075
1034,910934,DLBC,-4.615729,-4.083734035491943
1034,910935,DLBC,-4.858583,-4.519655704498291
1006,1327769,DLBC,-1.909112,-0.22605383396148682
1017,1303897,DLBC,2.139554,2.891678810119629
1004,1331050,DLBC,-7.094825,-6.097761631011963
1007,1331032,DLBC,-5.091625,-5.223450183868408
1012,1330995,DLBC,1.013821,0.4042915105819702
1032,1327769,DLBC,1.496166,1.1300603151321411
1022,1327769,DLBC,-2.116242,-1.306300401687622
1007,1303897,DLBC,-4.610192,-5.367859363555908
1013,1327769,DLBC,1.528327,1.8899825811386108
1004,1331048,DLBC,-6.32131,-5.876051902770996
1004,1330995,DLBC,-3.596858,-5.360620021820068
1003,1331045,DLBC,-3.362328,-4.62097692489624
1013,1327773,DLBC,1.132673,2.6357970237731934
1011,909773,DLBC,4.160055,0.21784652769565582
1003,1331048,DLBC,-4.580408,-5.239469051361084
1007,1331033,DLBC,-6.026244,-6.133559703826904
1005,1331032,DLBC,0.517622,2.03487491607666
1004,1331033,DLBC,-6.366999,-6.194118499755859
1006,910919,DLBC,0.425431,-0.0982859879732132
1004,1331037,DLBC,-6.35519,-6.254533767700195
1003,1327773,DLBC,-4.259066,-4.348912715911865
1004,1327769,DLBC,-6.019344,-6.187884330749512
1034,907066,BLCA,-0.622241,-2.0669541358947754
1007,1290730,BLCA,-5.78618,-4.610111236572266
1017,907312,BLCA,3.746691,3.415093421936035
1007,687457,BLCA,-3.597474,-3.822175979614258
1011,687459,BLCA,2.23468,2.4192709922790527
1010,687452,BLCA,1.831853,1.5107569694519043
1007,909704,BLCA,-5.797396,-5.068382263183594
1011,907065,BLCA,3.414344,1.307153582572937
1034,909780,BLCA,-2.938795,-4.309068202972412
1006,906798,BLCA,2.625413,-1.1081305742263794
1004,1290730,BLCA,-3.167273,-3.185133457183838
1003,724838,BLCA,-3.862462,-2.534592390060425
1005,687459,BLCA,2.195079,4.6136088371276855
1032,687455,BLCA,2.112227,1.8973758220672607
1004,909749,BLCA,-4.812917,-2.20224666595459
1017,906798,BLCA,2.675026,3.068239212036133
1017,907065,BLCA,4.729194,4.983316898345947
1012,687457,BLCA,2.919489,2.6872811317443848
1006,909749,BLCA,2.724042,3.7304201126098633
1006,910926,BLCA,-1.159568,0.6101128458976746
1012,753584,BLCA,2.089261,1.9649040699005127
1017,906797,BLCA,1.848022,3.8419532775878906
1005,724838,BLCA,2.695287,3.5371599197387695
1006,753552,BLCA,1.027337,1.8296071290969849
1034,687459,BLCA,-2.891764,-4.276418209075928
1013,753552,BLCA,3.423112,3.2474303245544434
1010,687457,BLCA,3.979805,3.6909546852111816
1022,910926,BLCA,-0.238328,-0.423320472240448
1011,907066,BLCA,1.546151,2.148106575012207
1032,753566,BLCA,4.422072,3.7893893718719482
1004,687455,BLCA,-4.018335,-4.4044508934021
1032,909749,BLCA,2.43623,2.246509075164795
1007,909749,BLCA,-5.100386,-4.155060291290283
1017,687455,BLCA,3.495677,4.295862197875977
1004,687457,BLCA,-2.656417,-2.498872756958008
1034,687455,BLCA,-1.555254,-2.7399396896362305
1005,906798,BLCA,0.618066,1.7389026880264282
1004,910926,BLCA,-6.33378,-4.8359150886535645
1034,907065,BLCA,-0.928173,-2.417065143585205
1005,687452,BLCA,1.949298,3.404780387878418
1003,907066,BLCA,2.60138,0.781877338886261
1004,907312,BLCA,-4.427156,-5.2616705894470215
1003,687452,BLCA,-2.31453,-2.3937017917633057
1022,909780,BLCA,-0.806071,-0.37457776069641113
1012,753552,BLCA,1.120464,1.3591786623001099
1034,906798,BLCA,-2.146264,-3.741039276123047
1005,910926,BLCA,0.79312,2.4321675300598145
1005,906870,LAML,1.622818,1.0150765180587769
1017,908451,LAML,3.797669,3.484084129333496
1010,907278,LAML,3.219752,2.8218653202056885
1006,908148,LAML,1.482214,-1.2342338562011719
1032,907275,LAML,0.951456,0.8758217692375183
1022,1290455,LAML,-0.664853,-1.2628411054611206
1005,905938,LAML,0.908437,2.0551414489746094
1011,1330947,LAML,-1.97875,-1.3921293020248413
1010,1330947,LAML,1.06278,2.290543794631958
1007,1330985,LAML,-6.736462,-5.535390377044678
1003,907275,LAML,-2.237873,-3.994019031524658
1017,907278,LAML,4.16386,3.9476685523986816
1032,753548,LAML,-0.301152,1.0191377401351929
1010,907300,LAML,2.519802,2.4601974487304688
1010,908451,LAML,3.244256,2.3981881141662598
1011,753548,LAML,1.933587,-1.7677618265151978
1004,910688,LAML,-5.970202,-6.286675453186035
1010,1330985,LAML,2.740689,2.539661407470703
1006,910947,LAML,-1.860227,-2.9022343158721924
1012,906870,LAML,-0.158115,0.02051694132387638
1017,908148,LAML,3.153498,2.8267908096313477
1004,1330942,LAML,-3.474512,-5.625596523284912
1017,907300,LAML,3.83041,3.4278669357299805
1017,910688,LAML,1.576889,1.685361623764038
1005,908148,LAML,1.336861,0.8698050379753113
1013,909253,LAML,1.575373,1.800868034362793
1022,1330942,LAML,0.274543,-0.4889136552810669
1034,908148,LAML,-6.134999,-4.832601547241211
1003,1330983,LAML,-4.190431,-4.72800874710083
1017,907280,LAML,4.846017,4.310701370239258
1013,908141,LAML,0.781761,1.340476155281067
1012,908148,LAML,0.073298,0.032319001853466034
1011,905938,LAML,-0.887512,-1.8296884298324585
1003,1330985,LAML,-4.684435,-4.799291133880615
1007,910947,LAML,-5.633776,-6.152070045471191
1010,905938,LAML,3.135698,2.4765207767486572
1004,1290455,LAML,-6.23671,-6.123770236968994
1005,1330942,LAML,3.60411,3.061105489730835
1004,1330947,LAML,-6.349811,-6.818662166595459
1003,908451,LAML,-3.832515,-3.9759738445281982
1004,908451,LAML,-4.655792,-6.24936056137085
1003,753548,LAML,-4.538412,-5.219557762145996
1034,907278,LAML,-3.763438,-3.6105504035949707
1032,1330947,LAML,0.48651,0.5023096799850464
1032,1330983,LAML,1.419179,0.7702767252922058
1007,1290455,LAML,-5.932376,-6.018390655517578
1007,1290808,MESO,-3.327837,-4.050325393676758
1004,1290812,MESO,0.930273,-0.5417832732200623
1004,1290813,MESO,-3.252872,-3.0651235580444336
1006,1290808,MESO,3.975118,3.4503841400146484
1010,1290812,MESO,5.927088,5.775575637817383
1010,1290809,MESO,3.393089,4.414845943450928
1012,908150,MESO,2.643172,1.9991246461868286
1032,1290808,MESO,3.410427,2.8904342651367188
1010,688058,MESO,4.610606,4.307241439819336
1003,908462,MESO,-0.962559,-2.408424139022827
1006,1240131,MESO,5.188505,5.380858898162842
1032,908150,MESO,2.082544,2.336031675338745
1034,1290808,MESO,-2.397838,-3.954068899154663
1022,1240131,MESO,3.238766,2.7064332962036133
1010,1290808,MESO,3.959072,4.240561008453369
1004,1290809,MESO,-2.999354,-2.0776963233947754
1012,1290809,MESO,1.891158,2.589651107788086
1011,1240132,MESO,4.018198,4.521204471588135
1005,1240134,MESO,4.304433,4.329264163970947
1017,908470,MESO,6.534631,5.441696643829346
1017,1240131,MESO,5.952346,6.205930233001709
1005,908152,MESO,4.051513,3.408787727355957
1017,1290812,MESO,5.29321,6.355462551116943
1022,1290814,MESO,2.41811,1.3794596195220947
1034,1240132,MESO,-2.134616,-1.9390270709991455
1003,1290813,MESO,-3.75982,-2.0054783821105957
1012,908152,MESO,1.162482,2.3497464656829834
1005,1290814,MESO,4.674084,5.205245018005371
1010,1290813,MESO,3.678304,3.2745981216430664
1017,1290809,MESO,4.174615,4.756351947784424
1003,1290814,MESO,-1.159551,-1.4249390363693237
1032,1240132,MESO,3.684608,3.7791574001312256
1005,908150,MESO,3.28609,3.9190468788146973
1004,1290814,MESO,-1.342983,-1.8786427974700928
1003,1240137,MESO,-3.538786,-2.264378070831299
1004,1240141,MESO,2.002695,-1.3844493627548218
1003,688058,MESO,-1.877104,-2.2467024326324463
1007,907173,MESO,-1.993774,-3.1153128147125244
1032,908462,MESO,1.156268,2.645951747894287
1022,1240134,MESO,-0.20357,0.5092461705207825
1004,1240134,MESO,-2.394064,-3.516439914703369
1003,1290810,MESO,-2.307479,-1.1150404214859009
1011,908150,MESO,0.88497,2.1085686683654785
1010,1240141,MESO,2.827955,4.018557071685791
1005,910698,KIRC,3.307063,2.2878079414367676
1032,909974,KIRC,1.714746,2.6538867950439453
1006,753585,KIRC,0.171259,1.0750685930252075
1034,905947,KIRC,-4.499542,-4.749946117401123
1005,753585,KIRC,0.706599,2.8514151573181152
1010,909250,KIRC,4.390378,3.93638277053833
1004,1298169,KIRC,-3.652968,-3.2405142784118652
1017,905950,KIRC,4.911894,3.86065936088562
1034,909250,KIRC,-2.468444,-2.688966751098633
1013,905947,KIRC,3.872434,3.2407355308532715
1010,910952,KIRC,0.875861,1.558022141456604
1003,905950,KIRC,-4.133949,-3.697296380996704
1005,910952,KIRC,3.073239,2.7480316162109375
1003,1524416,KIRC,-2.573593,-1.8445159196853638
1006,909974,KIRC,2.777695,4.271464824676514
1034,909974,KIRC,-3.137231,-2.7656197547912598
1022,910952,KIRC,-0.963358,-0.36047399044036865
1007,753585,KIRC,-4.931124,-5.350658416748047
1005,905950,KIRC,2.401655,2.2110416889190674
1004,1524416,KIRC,-2.972815,-3.1054584980010986
1006,909781,KIRC,5.772167,5.135543346405029
1004,910952,KIRC,-4.137956,-4.432674884796143
1011,909974,KIRC,1.993397,3.6420202255249023
1032,1298168,KIRC,2.816321,2.403480052947998
1005,905980,KIRC,6.816508,6.168002128601074
1034,910922,KIRC,-4.749378,-3.5202999114990234
1003,910698,KIRC,-2.50228,-3.6134040355682373
1012,910952,KIRC,-0.022783,1.577177882194519
1004,910920,KIRC,-2.727503,-3.067777156829834
1007,909250,KIRC,-1.954725,-2.593656063079834
1011,909250,KIRC,4.356349,2.2656054496765137
1011,905950,KIRC,2.703017,2.29788875579834
1022,1298169,KIRC,-0.180057,0.5497954487800598
1004,910698,KIRC,-4.637536,-5.205572605133057
1003,1298169,KIRC,-3.027463,-2.5354881286621094
1011,753585,KIRC,0.493957,2.5872507095336914
1017,910952,KIRC,4.584842,4.072611331939697
1010,905980,KIRC,3.821768,3.2484359741210938
1004,909974,KIRC,-1.987439,-0.7023351788520813
1017,909781,KIRC,7.316451,6.031656742095947
1006,910922,KIRC,0.570922,1.8672152757644653
1034,910952,KIRC,-5.518554,-3.9325649738311768
1011,909781,KIRC,1.679732,2.73895263671875
1022,1330950,MM,-0.863315,-0.71916264295578
1022,1659818,MM,-0.552885,-0.5666119456291199
1004,724825,MM,-4.650716,-6.107105255126953
1006,1295741,MM,-0.024248,0.8632394075393677
1013,1659818,MM,2.499297,2.7008256912231445
1004,1330950,MM,-4.39035,-5.6779913902282715
1004,1297447,MM,-4.271259,-4.8267717361450195
1005,907281,MM,1.480072,2.321702480316162
1007,753563,MM,-6.512655,-6.642514228820801
1005,905964,MM,2.35186,2.241516590118408
1022,1295741,MM,-1.479498,-0.967491090297699
1005,1297447,MM,3.58349,2.7064480781555176
1017,909249,MM,4.19875,3.679536819458008
1010,1327775,MM,3.268501,2.424452781677246
1003,753615,MM,-1.293384,-2.6435329914093018
1017,753612,MM,4.924395,4.386534690856934
1022,1297447,MM,-0.409294,-0.226909801363945
1022,724825,MM,-0.444203,-1.056491732597351
1003,1295741,MM,-3.93655,-3.708021879196167
1012,753615,MM,0.809813,0.8576809763908386
1005,753563,MM,0.104562,0.3305816948413849
1011,724825,MM,2.954886,3.0102405548095703
1012,907281,MM,-0.183234,0.24367032945156097
1032,724825,MM,1.436951,1.2017701864242554
1012,905964,MM,0.396816,0.3962101340293884
1004,1327766,MM,-6.106083,-5.876194477081299
1006,907281,MM,0.916026,0.5344139337539673
1003,1659818,MM,-3.780488,-3.802750825881958
1010,909249,MM,2.422239,3.125885009765625
1006,753563,MM,-1.629684,-1.4251048564910889
1012,1297447,MM,1.055391,0.630847692489624
1022,909249,MM,-1.246498,-0.5867213606834412
1005,724825,MM,1.60617,1.501527190208435
1004,1295741,MM,-7.531268,-5.914214611053467
1010,1330950,MM,3.094745,3.0341451168060303
1006,924239,MM,2.93405,1.6727157831192017
1011,683665,MM,-1.731297,0.5080100297927856
1007,753615,MM,-5.316464,-4.2388834953308105
1013,753563,MM,0.699447,1.537601351737976
1007,1327775,MM,-5.525212,-4.788259983062744
1034,909249,MM,-4.576807,-2.7375454902648926
1013,1240216,LIHC,4.92351,3.896742582321167
1004,907057,LIHC,-4.196177,-3.8603310585021973
1004,909719,LIHC,-5.000141,-2.7494003772735596
1006,909738,LIHC,4.582217,3.8508963584899902
1022,1298146,LIHC,1.195772,2.6444172859191895
1017,1240159,LIHC,6.080039,4.948513507843018
1003,1240160,LIHC,0.950818,-0.354811429977417
1004,1240216,LIHC,-1.369409,-1.7366019487380981
1032,1240159,LIHC,3.548583,2.43239164352417
1012,1240217,LIHC,2.324062,1.3451215028762817
1004,1240217,LIHC,-4.851675,-4.905962944030762
1032,909737,LIHC,1.990983,2.456467390060425
1006,1240160,LIHC,4.26339,3.374159336090088
1012,1240160,LIHC,2.985862,1.5013130903244019
1011,1240217,LIHC,2.926611,3.1180496215820312
1005,907057,LIHC,2.6555,3.6184887886047363
1006,1298146,LIHC,3.096192,3.3344836235046387
1005,1240159,LIHC,5.152123,4.843797206878662
1017,907057,LIHC,4.368124,4.318664073944092
1011,909737,LIHC,0.945332,2.952996253967285
1005,909737,LIHC,3.404244,4.639000415802002
1012,907071,LIHC,2.519221,1.361572265625
1007,1240158,LIHC,-3.386283,-4.945979118347168
1010,1240158,LIHC,4.575513,3.2774181365966797
1013,1240159,LIHC,2.903587,4.3952860832214355
1011,1240158,LIHC,3.568916,1.3924121856689453
1013,909719,LIHC,0.918093,3.998427391052246
1004,1298146,LIHC,-2.188415,-1.9844993352890015
1003,909737,LIHC,-1.914554,-1.6175401210784912
1032,907071,LIHC,5.5271,4.213819980621338
1010,910850,LIHC,4.308889,5.120863914489746
1034,910850,LIHC,-0.661927,0.6772717237472534
1007,910850,LIHC,-1.346442,-2.174631118774414
1034,1240158,LIHC,-5.817289,-4.088907718658447
1010,909738,LIHC,2.766516,3.7392306327819824
1012,910850,LIHC,1.563868,2.752652406692505
1005,1298146,LIHC,4.293368,4.432187557220459
1032,1298151,LIHC,2.302956,1.8185771703720093
1034,909738,LIHC,-1.191533,-2.1523215770721436
1005,724879,LUSC,3.085634,4.094311714172363
1007,908443,LUSC,-4.818804,-5.164805889129639
1012,1240142,LUSC,1.429211,1.2303792238235474
1022,753569,LUSC,0.724535,-0.07277221232652664
1010,908443,LUSC,3.860077,3.2707223892211914
1013,753554,LUSC,4.742636,3.269824743270874
1005,905941,LUSC,7.816975,6.8253021240234375
1011,1298538,LUSC,2.336176,3.5642592906951904
1034,753556,LUSC,-5.455727,-4.136467933654785
1011,1240143,LUSC,-1.794654,2.80303692817688
1013,909728,LUSC,4.849576,3.7953853607177734
1004,687815,LUSC,-4.569833,-5.462593078613281
1007,1298538,LUSC,-4.947226,-5.479066848754883
1022,1240183,LUSC,1.850972,0.9856430888175964
1034,908443,LUSC,-1.568698,-2.7283740043640137
1007,909728,LUSC,-4.254713,-5.327865123748779
1013,687815,LUSC,3.661617,3.1741979122161865
1005,1240183,LUSC,4.837835,4.5923638343811035
1003,753556,LUSC,-0.851197,-3.083470344543457
1006,753554,LUSC,2.275994,2.7636899948120117
1006,908443,LUSC,2.631603,2.5955119132995605
1032,753569,LUSC,2.244026,1.5579192638397217
1013,1240183,LUSC,5.140605,3.6049587726593018
1022,687815,LUSC,-0.529357,-0.36814162135124207
1005,687787,LUSC,4.141964,3.975834608078003
1006,1240142,LUSC,-0.545255,1.1838011741638184
1003,1240183,LUSC,0.107593,0.6450740694999695
1012,753556,LUSC,2.028571,1.5242377519607544
1032,908443,LUSC,2.218352,2.1475610733032227
1006,1298223,LUSC,1.541001,2.993959903717041
1003,1298538,LUSC,-1.744813,-2.6858978271484375
1012,753554,LUSC,1.112368,1.8469103574752808
1032,1240143,LUSC,2.942393,2.5731852054595947
1004,753556,LUSC,-1.37793,-4.845530033111572
1010,753556,LUSC,1.403232,1.7878459692001343
1011,687815,LUSC,-0.239905,2.200766086578369
1012,909728,LUSC,2.928108,1.7600008249282837
1010,1240143,LUSC,2.990192,3.6852517127990723
1007,687787,LUSC,-5.372491,-4.879668235778809
1013,924104,THCA,4.555561,3.690410614013672
1011,930299,THCA,4.855237,2.774794578552246
1013,906828,THCA,2.608817,3.4973130226135254
1032,1240154,THCA,2.079097,2.094144821166992
1005,924151,THCA,5.458322,4.198210716247559
1006,1240223,THCA,3.310985,4.4373698234558105
1007,1290722,THCA,-4.305977,-4.866641521453857
1004,924102,THCA,-0.967389,-2.1500937938690186
1017,906696,THCA,4.519348,3.763256311416626
1022,1240154,THCA,0.009469,-0.4662342071533203
1012,930299,THCA,1.753067,2.511488914489746
1012,1240154,THCA,0.772943,1.4986978769302368
1003,1240154,THCA,-4.768083,-3.9499897956848145
1011,906696,THCA,2.072616,1.6162534952163696
1003,910568,THCA,-2.589776,-1.7055836915969849
1013,906795,THCA,3.802428,3.6021971702575684
1004,906696,THCA,-3.422592,-4.88040828704834
1022,924104,THCA,0.344783,0.15123769640922546
1005,906795,THCA,5.64556,4.497934341430664
1012,906828,THCA,1.257023,1.7420037984848022
1034,906795,THCA,-2.671614,-4.6801066398620605
1006,906696,THCA,0.085066,0.9388008117675781
1006,930083,THCA,6.130463,5.681768894195557
1034,930083,THCA,-0.252524,-0.408971905708313
1006,1240154,THCA,-0.863919,-0.15455950796604156
1005,1240223,THCA,6.749114,5.770493030548096
1006,924104,THCA,3.267792,2.7361865043640137
1007,930299,THCA,0.126676,-1.078094244003296
1012,906696,THCA,1.193372,1.408762812614441
1005,906864,THCA,1.542992,3.31008243560791
1004,906828,THCA,-4.332992,-4.336386203765869
1011,1240223,THCA,4.340431,3.7064433097839355
1007,906696,THCA,-4.895821,-5.560100078582764
1032,924238,THCA,2.800145,2.2987589836120605
1003,924102,THCA,-2.979316,-1.0829867124557495
1012,924102,THCA,1.996235,2.338773250579834
1032,906795,THCA,2.101497,2.509274482727051
1006,687506,CESC,2.746651,2.0854227542877197
1022,687514,CESC,0.894011,-0.19407261908054352
1003,906824,CESC,-3.320781,-1.7366595268249512
1032,906843,CESC,0.809043,1.8093112707138062
1013,1298134,CESC,1.915311,2.842092514038086
1003,1240212,CESC,-2.665407,-3.1018993854522705
1011,687505,CESC,2.466793,2.0893077850341797
1004,907068,CESC,0.845881,-4.058230876922607
1011,907068,CESC,3.649603,2.995899200439453
1004,687506,CESC,-4.069227,-3.792614698410034
1034,930298,CESC,-3.027092,-2.8902382850646973
1013,687506,CESC,3.234369,3.320441246032715
1012,906824,CESC,1.68319,1.811234712600708
1017,906843,CESC,4.352271,4.428569316864014
1005,906843,CESC,4.797895,4.1945061683654785
1034,907068,CESC,-2.107957,-3.380791664123535
1011,1240179,CESC,3.246736,2.0821874141693115
1034,906843,CESC,-2.347565,-2.9354724884033203
1013,724839,CESC,5.61243,5.88018798828125
1022,906843,CESC,0.529953,0.1958051472902298
1007,924107,CESC,-6.597014,-6.332880973815918
1032,1298134,CESC,3.504573,1.7286595106124878
1006,930297,CESC,3.666932,4.262508869171143
1005,724839,CESC,5.82385,6.033427715301514
1006,1298134,CESC,2.812546,2.992204189300537
1032,907068,CESC,2.294283,1.3853130340576172
1007,906824,CESC,-4.895113,-4.885012626647949
1003,906843,CESC,-2.513168,-0.4279097318649292
1011,1298134,CESC,3.517417,1.618350625038147
1005,930298,CESC,3.214802,4.023876667022705
1004,724839,CESC,2.621768,-0.74745774269104
1012,930297,CESC,3.259006,2.681910753250122
1011,724839,CESC,2.632573,3.4128005504608154
1006,724839,CESC,5.554428,4.4415764808654785
1012,908144,LGG,1.609602,2.1905901432037354
1010,906868,LGG,3.075632,3.8023476600646973
1011,907271,LGG,6.092639,2.523607015609741
1034,908144,LGG,-4.401983,-4.594570636749268
1013,906868,LGG,4.024779,3.445686101913452
1022,909750,LGG,-1.027449,-0.1488046497106552
1006,907271,LGG,4.159035,3.242985248565674
1010,909750,LGG,3.083111,3.5743136405944824
1012,906871,LGG,1.328755,1.204901099205017
1022,908144,LGG,0.594887,0.5616956949234009
1022,907279,LGG,1.461671,1.6709507703781128
1022,908145,LGG,-0.40599,-0.5888043642044067
1003,906871,LGG,-3.628604,-3.5861005783081055
1011,909750,LGG,1.253079,1.7951316833496094
1034,906871,LGG,-3.638017,-4.723043918609619
1011,906868,LGG,2.056249,2.315401554107666
1032,907271,LGG,2.76615,2.358682155609131
1032,906868,LGG,1.791026,2.309994697570801
1012,907042,LGG,1.161874,1.1584794521331787
1007,909750,LGG,-5.394383,-5.529735565185547
1013,907279,LGG,6.078215,5.0936689376831055
1004,909750,LGG,-3.196367,-4.587008953094482
1017,905984,LGG,3.197454,3.5152413845062256
1013,906871,LGG,1.714575,2.5060367584228516
1012,924187,UCEC,2.297163,2.473048210144043
1010,908129,UCEC,4.686354,4.056936740875244
1011,910691,UCEC,2.659239,1.0703790187835693
1034,924187,UCEC,-1.585219,-3.009920835494995
1013,908129,UCEC,5.232619,4.716013431549072
1022,1240174,UCEC,-0.286592,0.14255088567733765
1006,910691,UCEC,2.932573,2.914647340774536
1010,1240174,UCEC,2.900694,2.966587543487549
1012,908130,UCEC,3.219436,1.688324213027954
1022,924187,UCEC,1.385026,0.5897144675254822
1022,910781,UCEC,0.22959,-0.10563406348228455
1022,1240127,UCEC,0.408333,1.0313137769699097
1003,908130,UCEC,-1.393899,-1.0793477296829224
1011,1240174,UCEC,1.293502,1.529615879058838
1034,908130,UCEC,-1.735607,-2.229006052017212
1011,908129,UCEC,0.334506,2.83253812789917
1032,910691,UCEC,1.803907,2.4395151138305664
1032,908129,UCEC,1.859743,3.0919189453125
1012,909735,UCEC,2.047279,1.2444425821304321
1007,1240174,UCEC,-5.552461,-5.054484844207764
1013,910781,UCEC,3.246578,2.785376787185669
1004,1240174,UCEC,-4.609333,-3.9566915035247803
1017,907051,UCEC,4.870571,4.941806793212891
1013,908130,UCEC,5.11655,3.8658571243286133
1022,910710,LCML,-1.574602,-2.102776527404785
1007,1327771,LCML,-6.903509,-5.482063293457031
1011,907311,LCML,1.210406,-1.1470953226089478
1017,907311,LCML,4.0667,3.1493687629699707
1012,910710,LCML,-0.160696,0.061976440250873566
1032,910710,LCML,1.047809,0.9053546786308289
1032,910544,LCML,1.2848,1.3324894905090332
1011,908126,LCML,0.102375,-0.0775163397192955
1006,1330931,LCML,-2.041074,-2.5851311683654785
1007,907311,LCML,-5.900342,-5.581916809082031
1012,906855,LCML,0.602489,0.18696585297584534
1022,910951,LCML,-2.116791,-1.6154433488845825
1003,907311,LCML,-3.721304,-4.625309944152832
1032,910951,LCML,1.307074,1.1240129470825195
1034,910710,LCML,-4.141075,-5.008493900299072
1010,1330931,LCML,3.11471,2.6708478927612305
1032,908126,LCML,1.558285,1.1156220436096191
1032,906855,LCML,1.902638,0.8810151219367981
1022,908126,LCML,-2.204495,-1.5101357698440552
1007,910710,LCML,-6.246498,-6.036051273345947
1013,907311,LCML,-6.317431,-4.292494297027588
1004,1330931,LCML,-6.103391,-5.665001392364502
1013,910951,LCML,-5.19322,0.8825892806053162
1006,905935,PRAD,3.728189,1.752936840057373
1017,907788,PRAD,3.209992,4.226324081420898
1004,1299075,PRAD,-2.315455,-2.8298568725585938
1032,1330993,PRAD,1.962553,1.856512188911438
1017,905935,PRAD,5.501561,4.356762886047363
1007,907788,PRAD,-5.3037,-5.352898120880127
1011,1299075,PRAD,4.981755,1.0706262588500977
1010,924100,PRAD,4.032555,3.6230545043945312
1010,1299075,PRAD,4.244966,3.8375587463378906
1022,905935,PRAD,0.936229,0.18405939638614655
1012,907788,PRAD,0.446071,0.794860303401947
1012,1330993,PRAD,1.500195,1.432979702949524
1003,907788,PRAD,-3.534387,-2.2639431953430176
1013,924100,PRAD,3.93594,3.068249464035034
1007,924100,PRAD,-3.835431,-4.62858247756958
1011,924100,PRAD,3.963435,2.169565200805664
1012,909248,MB,2.084765,1.9805916547775269
1003,906834,MB,-4.643568,-4.631464004516602
1022,906834,MB,-2.372847,-0.7821022868156433
1013,683667,MB,2.033792,2.5991439819335938
1012,906834,MB,-0.397501,0.6832878589630127
1032,906833,MB,1.837945,1.541792392730713
1013,906833,MB,3.910571,2.3072266578674316
1017,906834,MB,1.708469,2.3000001907348633
1032,683667,MB,1.401843,1.8570692539215088
1007,909248,MB,-5.139681,-4.613421440124512
1005,906834,MB,1.02728,1.1166526079177856
1017,907269,CLL,2.146794,2.4622068405151367
1011,907270,CLL,-0.116887,0.6889595985412598
1013,907270,CLL,0.750555,1.5009018182754517
1004,907270,CLL,-6.644194,-6.480367660522461
1032,907269,CLL,0.557418,1.4213343858718872
1010,907269,CLL,3.16851,2.8498737812042236
1005,909744,ACC,3.395931,2.4752659797668457
1006,909744,ACC,0.176507,1.1771297454833984
1007,909744,ACC,-5.853104,-6.247402667999268
